<?xml version = '1.0' encoding = 'UTF-8'?>
<Diagram class="oracle.dbtools.crest.swingui.relational.DPVRelational" name="Relational_1" id="8F7A363F-62A7-0C1D-268F-FD92F0C5CA33">
<createdBy>nchhabra</createdBy>
<modifiedBy>nchhabra</modifiedBy>
<createdTime>2019-04-11 18:28:39 UTC</createdTime>
<autoRoute>false</autoRoute>
<boxInbox>true</boxInbox>
<showLegend>false</showLegend>
<showLabels>false</showLabels>
<showRelAttributes>false</showRelAttributes>
<gridEnabled>false</gridEnabled>
<showGrid>false</showGrid>
<diagramColor>-1</diagramColor>
<display>false</display>
<notation>1</notation>
<objectViews>
<OView class="oracle.dbtools.crest.swingui.relational.TVTable" oid="2A95FAD4-5254-1844-B3FA-F61CC7411213" otype="Table" vid="180C1C1A-5F15-6F0A-D5DC-285DCC6DD1B5">
<hideElementsInCurrentOnly>false</hideElementsInCurrentOnly>
<bounds x="846" y="397" width="275" height="140"/>
</OView>
<OView class="oracle.dbtools.crest.swingui.relational.TVTable" oid="31ACE759-5687-A2EE-FB06-56A72FC2D92A" otype="Table" vid="2421B459-2A7A-1EA6-E8B3-07E330CF6C5D">
<hideElementsInCurrentOnly>false</hideElementsInCurrentOnly>
<bounds x="1326" y="311" width="261" height="204"/>
</OView>
<OView class="oracle.dbtools.crest.swingui.relational.TVTable" oid="45C46328-B1FD-92FB-9562-7412A653C472" otype="Table" vid="039F6AE0-FC0E-BD73-C917-B9921002645E">
<hideElementsInCurrentOnly>false</hideElementsInCurrentOnly>
<bounds x="821" y="34" width="281" height="149"/>
</OView>
<OView class="oracle.dbtools.crest.swingui.relational.TVTable" oid="4C0CC29F-75B2-6CA4-A855-0BA725624326" otype="Table" vid="FE33BE91-E7FB-5093-59CF-75FFFE74DF68">
<hideElementsInCurrentOnly>false</hideElementsInCurrentOnly>
<bounds x="326" y="667" width="288" height="210"/>
</OView>
<OView class="oracle.dbtools.crest.swingui.relational.TVTable" oid="4CEF915F-9F33-89F5-FF1D-25E6D13CF256" otype="Table" vid="24A20D60-416D-7575-C2F9-8E54D7A64A71">
<hideElementsInCurrentOnly>false</hideElementsInCurrentOnly>
<bounds x="1352" y="79" width="251" height="167"/>
</OView>
<OView class="oracle.dbtools.crest.swingui.relational.TVTable" oid="502571E4-EA96-24E9-0756-D82D4552BC80" otype="Table" vid="ECE14E63-B09E-8923-8A73-D2333310DF90">
<hideElementsInCurrentOnly>false</hideElementsInCurrentOnly>
<bounds x="805" y="566" width="288" height="170"/>
</OView>
<OView class="oracle.dbtools.crest.swingui.relational.TVTable" oid="533E6F22-E9F3-CB08-5015-FD7748B18348" otype="Table" vid="2E4AF598-A8CD-434E-B17F-A3914F2BBDA5">
<hideElementsInCurrentOnly>false</hideElementsInCurrentOnly>
<bounds x="21" y="252" width="280" height="189"/>
</OView>
<OView class="oracle.dbtools.crest.swingui.relational.TVTable" oid="81AA0FBC-A1B4-9C38-94F6-A37104C9194A" otype="Table" vid="B65C13E4-0C98-5E70-21DC-4DD2106348DB">
<hideElementsInCurrentOnly>false</hideElementsInCurrentOnly>
<bounds x="1691" y="556" width="313" height="145"/>
</OView>
<OView class="oracle.dbtools.crest.swingui.relational.TVTable" oid="994927A2-EA2A-320A-21A3-F776AA7EC688" otype="Table" vid="B2BD1447-8D2D-A38F-1840-3C09C1D359F9">
<hideElementsInCurrentOnly>false</hideElementsInCurrentOnly>
<bounds x="370" y="152" width="347" height="422"/>
</OView>
<OView class="oracle.dbtools.crest.swingui.relational.TVTable" oid="A0A0CD12-A554-5DF3-F86F-6EC3192FE880" otype="Table" vid="768E3919-EB7E-DFCE-BA3A-C113B78278DE">
<hideElementsInCurrentOnly>false</hideElementsInCurrentOnly>
<bounds x="759" y="852" width="318" height="203"/>
</OView>
<OView class="oracle.dbtools.crest.swingui.relational.TVTable" oid="ABAEE760-740F-81F6-E980-B95514B54C2F" otype="Table" vid="C609306C-A32C-AEC7-9B4B-07A468705E06">
<hideElementsInCurrentOnly>false</hideElementsInCurrentOnly>
<bounds x="1364" y="575" width="251" height="114"/>
</OView>
<OView class="oracle.dbtools.crest.swingui.relational.TVTable" oid="AD4AC33F-2B7D-F25B-EDB0-69E727CB560C" otype="Table" vid="1F7A009A-2792-A1AF-2C36-BAFBC8185DD2">
<hideElementsInCurrentOnly>false</hideElementsInCurrentOnly>
<bounds x="1724" y="70" width="278" height="209"/>
</OView>
<OView class="oracle.dbtools.crest.swingui.relational.TVTable" oid="D712CE8A-FD30-3222-D643-DC47D75CEFD8" otype="Table" vid="7E47B6B6-D97A-4541-EB3B-2B42D8AF1B81">
<hideElementsInCurrentOnly>false</hideElementsInCurrentOnly>
<bounds x="19" y="34" width="281" height="177"/>
</OView>
<OView class="oracle.dbtools.crest.swingui.relational.TVTable" oid="D9C32FDC-CF0D-A228-E5EA-BC13DFD25DF9" otype="Table" vid="A74D19BC-75B3-163C-DADC-2A3F4F208B23">
<hideElementsInCurrentOnly>false</hideElementsInCurrentOnly>
<bounds x="863" y="189" width="312" height="187"/>
</OView>
<OView class="oracle.dbtools.crest.swingui.relational.TVTable" oid="DB50E732-1D70-587B-9CAB-C650212C6744" otype="Table" vid="BBE385DE-C7AB-8BEC-972E-A7A6B27AA31B">
<hideElementsInCurrentOnly>false</hideElementsInCurrentOnly>
<bounds x="294" y="931" width="271" height="159"/>
</OView>
<OView class="oracle.dbtools.crest.swingui.relational.TVTable" oid="E115E09A-AEAD-3188-2DE7-ED78A1FB993C" otype="Table" vid="F31CE910-E082-B679-A979-99E840D1E41F">
<hideElementsInCurrentOnly>false</hideElementsInCurrentOnly>
<bounds x="34" y="542" width="249" height="155"/>
</OView>
</objectViews>
<connectors>
<Connector class="oracle.dbtools.crest.swingui.relational.TVFKRelation" oid="1A027D49-DF73-1806-BA14-4116A2DDD586" otype="FKIndexAssociation" vid_source="2421B459-2A7A-1EA6-E8B3-07E330CF6C5D" vid_target="768E3919-EB7E-DFCE-BA3A-C113B78278DE">
<hideElementsInCurrentOnly>false</hideElementsInCurrentOnly>
<backgroundColor>-16777216</backgroundColor>
<lineWidth>1</lineWidth>
<points>
<point x="1354" y="515"/>
<point x="1019" y="852"/>
</points>
</Connector>
<Connector class="oracle.dbtools.crest.swingui.relational.TVFKRelation" oid="1C5EEA11-2BA8-E54B-7C3F-488677B1D66B" otype="FKIndexAssociation" vid_source="B2BD1447-8D2D-A38F-1840-3C09C1D359F9" vid_target="768E3919-EB7E-DFCE-BA3A-C113B78278DE">
<hideElementsInCurrentOnly>false</hideElementsInCurrentOnly>
<backgroundColor>-16777216</backgroundColor>
<lineWidth>1</lineWidth>
<points>
<point x="677" y="574"/>
<point x="853" y="852"/>
</points>
</Connector>
<Connector class="oracle.dbtools.crest.swingui.relational.TVFKRelation" oid="1DC023EE-B7A6-F7F0-20CE-FE4E670AFB81" otype="FKIndexAssociation" vid_source="B65C13E4-0C98-5E70-21DC-4DD2106348DB" vid_target="1F7A009A-2792-A1AF-2C36-BAFBC8185DD2">
<hideElementsInCurrentOnly>false</hideElementsInCurrentOnly>
<backgroundColor>-16777216</backgroundColor>
<lineWidth>1</lineWidth>
<points>
<point x="1863" y="556"/>
<point x="1863" y="279"/>
</points>
</Connector>
<Connector class="oracle.dbtools.crest.swingui.relational.TVFKRelation" oid="28E2905D-D6D2-1178-0678-B222FDE99754" otype="FKIndexAssociation" vid_source="B2BD1447-8D2D-A38F-1840-3C09C1D359F9" vid_target="2E4AF598-A8CD-434E-B17F-A3914F2BBDA5">
<hideElementsInCurrentOnly>false</hideElementsInCurrentOnly>
<backgroundColor>-16777216</backgroundColor>
<lineWidth>1</lineWidth>
<points>
<point x="370" y="346"/>
<point x="301" y="346"/>
</points>
</Connector>
<Connector class="oracle.dbtools.crest.swingui.relational.TVFKRelation" oid="31D30A4E-04EE-5109-0B77-253C82FD30AD" otype="FKIndexAssociation" vid_source="B2BD1447-8D2D-A38F-1840-3C09C1D359F9" vid_target="A74D19BC-75B3-163C-DADC-2A3F4F208B23">
<hideElementsInCurrentOnly>false</hideElementsInCurrentOnly>
<backgroundColor>-16777216</backgroundColor>
<lineWidth>1</lineWidth>
<points>
<point x="717" y="282"/>
<point x="863" y="282"/>
</points>
</Connector>
<Connector class="oracle.dbtools.crest.swingui.relational.TVFKRelation" oid="37552119-4219-2110-D0BE-00829A60B2C8" otype="FKIndexAssociation" vid_source="B2BD1447-8D2D-A38F-1840-3C09C1D359F9" vid_target="FE33BE91-E7FB-5093-59CF-75FFFE74DF68">
<hideElementsInCurrentOnly>false</hideElementsInCurrentOnly>
<backgroundColor>-16777216</backgroundColor>
<lineWidth>1</lineWidth>
<points>
<point x="492" y="574"/>
<point x="492" y="667"/>
</points>
</Connector>
<Connector class="oracle.dbtools.crest.swingui.relational.TVFKRelation" oid="49FF6E3B-5E09-33C1-DD4F-1AE997725121" otype="FKIndexAssociation" vid_source="2421B459-2A7A-1EA6-E8B3-07E330CF6C5D" vid_target="24A20D60-416D-7575-C2F9-8E54D7A64A71">
<hideElementsInCurrentOnly>false</hideElementsInCurrentOnly>
<backgroundColor>-16777216</backgroundColor>
<lineWidth>1</lineWidth>
<points>
<point x="1469" y="311"/>
<point x="1469" y="246"/>
</points>
</Connector>
<Connector class="oracle.dbtools.crest.swingui.relational.TVFKRelation" oid="5484C089-3576-741D-98F1-AFA356FEC562" otype="FKIndexAssociation" vid_source="039F6AE0-FC0E-BD73-C917-B9921002645E" vid_target="B2BD1447-8D2D-A38F-1840-3C09C1D359F9">
<hideElementsInCurrentOnly>false</hideElementsInCurrentOnly>
<backgroundColor>-16777216</backgroundColor>
<lineWidth>1</lineWidth>
<points>
<point x="821" y="167"/>
<point x="717" y="167"/>
</points>
</Connector>
<Connector class="oracle.dbtools.crest.swingui.relational.TVFKRelation" oid="6C114E3B-F0DA-969D-AB09-D2D68C98F0DB" otype="FKIndexAssociation" vid_source="2421B459-2A7A-1EA6-E8B3-07E330CF6C5D" vid_target="A74D19BC-75B3-163C-DADC-2A3F4F208B23">
<hideElementsInCurrentOnly>false</hideElementsInCurrentOnly>
<backgroundColor>-16777216</backgroundColor>
<lineWidth>1</lineWidth>
<points>
<point x="1326" y="343"/>
<point x="1175" y="343"/>
</points>
</Connector>
<Connector class="oracle.dbtools.crest.swingui.relational.TVFKRelation" oid="7EAB026F-D3E2-9983-23EF-55CC4D93D3C8" otype="FKIndexAssociation" vid_source="B2BD1447-8D2D-A38F-1840-3C09C1D359F9" vid_target="ECE14E63-B09E-8923-8A73-D2333310DF90">
<hideElementsInCurrentOnly>false</hideElementsInCurrentOnly>
<backgroundColor>-16777216</backgroundColor>
<lineWidth>1</lineWidth>
<points>
<point x="717" y="570"/>
<point x="805" y="570"/>
</points>
</Connector>
<Connector class="oracle.dbtools.crest.swingui.relational.TVFKRelation" oid="AABD25AB-6372-4F64-9CD9-6FDEC972D599" otype="FKIndexAssociation" vid_source="24A20D60-416D-7575-C2F9-8E54D7A64A71" vid_target="1F7A009A-2792-A1AF-2C36-BAFBC8185DD2">
<hideElementsInCurrentOnly>false</hideElementsInCurrentOnly>
<backgroundColor>-16777216</backgroundColor>
<lineWidth>1</lineWidth>
<points>
<point x="1603" y="147"/>
<point x="1724" y="147"/>
</points>
</Connector>
<Connector class="oracle.dbtools.crest.swingui.relational.TVFKRelation" oid="AF96D133-610B-4970-9053-D173A9493D93" otype="FKIndexAssociation" vid_source="B2BD1447-8D2D-A38F-1840-3C09C1D359F9" vid_target="7E47B6B6-D97A-4541-EB3B-2B42D8AF1B81">
<hideElementsInCurrentOnly>false</hideElementsInCurrentOnly>
<backgroundColor>-16777216</backgroundColor>
<lineWidth>1</lineWidth>
<points>
<point x="370" y="181"/>
<point x="300" y="181"/>
</points>
</Connector>
<Connector class="oracle.dbtools.crest.swingui.relational.TVFKRelation" oid="B8AC7431-FCBE-A851-C3F3-CCCB6911F58B" otype="FKIndexAssociation" vid_source="F31CE910-E082-B679-A979-99E840D1E41F" vid_target="2E4AF598-A8CD-434E-B17F-A3914F2BBDA5">
<hideElementsInCurrentOnly>false</hideElementsInCurrentOnly>
<backgroundColor>-16777216</backgroundColor>
<lineWidth>1</lineWidth>
<points>
<point x="158" y="542"/>
<point x="158" y="441"/>
</points>
</Connector>
<Connector class="oracle.dbtools.crest.swingui.relational.TVFKRelation" oid="C0D39036-8FDF-594F-F464-1AE3DD6EE550" otype="FKIndexAssociation" vid_source="BBE385DE-C7AB-8BEC-972E-A7A6B27AA31B" vid_target="FE33BE91-E7FB-5093-59CF-75FFFE74DF68">
<hideElementsInCurrentOnly>false</hideElementsInCurrentOnly>
<backgroundColor>-16777216</backgroundColor>
<lineWidth>1</lineWidth>
<points>
<point x="445" y="931"/>
<point x="445" y="877"/>
</points>
</Connector>
<Connector class="oracle.dbtools.crest.swingui.relational.TVFKRelation" oid="C8688797-CF92-CEAB-855D-9128AFCFB381" otype="FKIndexAssociation" vid_source="C609306C-A32C-AEC7-9B4B-07A468705E06" vid_target="B65C13E4-0C98-5E70-21DC-4DD2106348DB">
<hideElementsInCurrentOnly>false</hideElementsInCurrentOnly>
<backgroundColor>-16777216</backgroundColor>
<lineWidth>1</lineWidth>
<points>
<point x="1615" y="632"/>
<point x="1691" y="632"/>
</points>
</Connector>
<Connector class="oracle.dbtools.crest.swingui.relational.TVFKRelation" oid="CB895994-2A51-FD02-677C-262378199D8B" otype="FKIndexAssociation" vid_source="B2BD1447-8D2D-A38F-1840-3C09C1D359F9" vid_target="180C1C1A-5F15-6F0A-D5DC-285DCC6DD1B5">
<hideElementsInCurrentOnly>false</hideElementsInCurrentOnly>
<backgroundColor>-16777216</backgroundColor>
<lineWidth>1</lineWidth>
<points>
<point x="717" y="467"/>
<point x="846" y="467"/>
</points>
</Connector>
<Connector class="oracle.dbtools.crest.swingui.relational.TVFKRelation" oid="EEEE49BA-4C77-093E-2F43-A693EC774DB9" otype="FKIndexAssociation" vid_source="2421B459-2A7A-1EA6-E8B3-07E330CF6C5D" vid_target="ECE14E63-B09E-8923-8A73-D2333310DF90">
<hideElementsInCurrentOnly>false</hideElementsInCurrentOnly>
<backgroundColor>-16777216</backgroundColor>
<lineWidth>1</lineWidth>
<points>
<point x="1326" y="474"/>
<point x="1093" y="583"/>
</points>
</Connector>
<Connector class="oracle.dbtools.crest.swingui.relational.TVFKRelation" oid="FDE3D23C-17BC-5049-E81B-A8935038357C" otype="FKIndexAssociation" vid_source="ECE14E63-B09E-8923-8A73-D2333310DF90" vid_target="180C1C1A-5F15-6F0A-D5DC-285DCC6DD1B5">
<hideElementsInCurrentOnly>false</hideElementsInCurrentOnly>
<backgroundColor>-16777216</backgroundColor>
<lineWidth>1</lineWidth>
<points>
<point x="984" y="566"/>
<point x="984" y="537"/>
</points>
</Connector>
</connectors>
</Diagram>