<?xml version = '1.0' encoding = 'UTF-8'?>
<Table class="oracle.dbtools.crest.model.design.relational.Table" directorySegmentName="seg_0" id="2A95FAD4-5254-1844-B3FA-F61CC7411213" name="SALE_RETURN">
<createdBy>nchhabra</createdBy>
<createdTime>2019-04-11 18:28:39 UTC</createdTime>
<generatorID>25079556-A74C-345E-984C-1AC67571E33B</generatorID>
<ownerDesignName>Phase 2 Design</ownerDesignName>
<allowColumnReorder>false</allowColumnReorder>
<existDependencyGenerateInDDl>true</existDependencyGenerateInDDl>
<parsed>true</parsed>
<columns itemClass="oracle.dbtools.crest.model.design.relational.Column">
<Column name="SaleReturnID" id="7CC45662-0FC6-7164-D732-C6A54B872CE0">
<createdBy>nchhabra</createdBy>
<createdTime>2019-04-11 18:28:39 UTC</createdTime>
<generatorID>AA5CF6FB-230D-9CC0-F242-22E1059774D5</generatorID>
<ownerDesignName>Phase 2 Design</ownerDesignName>
<useDomainConstraints>false</useDomainConstraints>
<use>1</use>
<logicalDatatype>LOGDT025</logicalDatatype>
<dataTypeSize>5</dataTypeSize>
<ownDataTypeParameters>5,,</ownDataTypeParameters>
<autoIncrementCycle>false</autoIncrementCycle>
</Column>
<Column name="DateReturned" id="CAAE8EFE-5502-CE35-320A-D5DB33BFE15C">
<createdBy>nchhabra</createdBy>
<createdTime>2019-04-11 18:28:39 UTC</createdTime>
<generatorID>CC40AA0F-9C4D-3973-9918-35FBC76DF9E8</generatorID>
<ownerDesignName>Phase 2 Design</ownerDesignName>
<nullsAllowed>true</nullsAllowed>
<useDomainConstraints>false</useDomainConstraints>
<use>1</use>
<logicalDatatype>LOGDT007</logicalDatatype>
<ownDataTypeParameters>,,</ownDataTypeParameters>
<autoIncrementCycle>false</autoIncrementCycle>
</Column>
<Column name="ProductsReturn" id="9AA5BB28-3966-AFB3-68DF-BCD83D15F8FF">
<createdBy>nchhabra</createdBy>
<createdTime>2019-04-11 18:28:39 UTC</createdTime>
<generatorID>F6BB18A0-B74F-5B96-3AC8-C675D12E4515</generatorID>
<ownerDesignName>Phase 2 Design</ownerDesignName>
<nullsAllowed>true</nullsAllowed>
<useDomainConstraints>false</useDomainConstraints>
<use>1</use>
<logicalDatatype>LOGDT024</logicalDatatype>
<dataTypeSize>30</dataTypeSize>
<ownDataTypeParameters>30,,</ownDataTypeParameters>
<autoIncrementCycle>false</autoIncrementCycle>
</Column>
<Column name="PriceReturned" id="F9E2496B-4D02-E34C-FDC4-A36FBBB4B673">
<createdBy>nchhabra</createdBy>
<createdTime>2019-04-11 18:28:39 UTC</createdTime>
<generatorID>426491D2-3A7C-DE5A-7264-E5F01ACC7407</generatorID>
<ownerDesignName>Phase 2 Design</ownerDesignName>
<nullsAllowed>true</nullsAllowed>
<useDomainConstraints>false</useDomainConstraints>
<use>1</use>
<logicalDatatype>LOGDT019</logicalDatatype>
<dataTypePrecision>12</dataTypePrecision>
<dataTypeScale>2</dataTypeScale>
<ownDataTypeParameters>,12,2</ownDataTypeParameters>
<autoIncrementCycle>false</autoIncrementCycle>
</Column>
<Column name="EMPLOYEE_EmployeeID" id="AFFE704A-FC40-4E69-A8EA-A419E585987B">
<createdBy>ben00</createdBy>
<createdTime>2019-04-25 17:26:29 UTC</createdTime>
<ownerDesignName>Phase 2 Design</ownerDesignName>
<useDomainConstraints>false</useDomainConstraints>
<use>1</use>
<logicalDatatype>LOGDT025</logicalDatatype>
<dataTypeSize>5</dataTypeSize>
<ownDataTypeParameters>,,</ownDataTypeParameters>
<previousColumn>false</previousColumn>
<autoIncrementCycle>false</autoIncrementCycle>
<associations>
<colAssociation fkAssociation="CB895994-2A51-FD02-677C-262378199D8B" referredColumn="7F8AD948-93FA-E11C-EB57-C6BD1263D1AA"/>
</associations>
</Column>
<Column name="INVOICE_InvoiceID" id="D3CF3BDA-C35D-A057-8E3E-5FB3A79EFE6E">
<createdBy>ben00</createdBy>
<createdTime>2019-04-25 17:45:11 UTC</createdTime>
<ownerDesignName>Phase 2 Design</ownerDesignName>
<useDomainConstraints>false</useDomainConstraints>
<use>1</use>
<logicalDatatype>LOGDT025</logicalDatatype>
<dataTypeSize>5</dataTypeSize>
<ownDataTypeParameters>,,</ownDataTypeParameters>
<previousColumn>false</previousColumn>
<autoIncrementCycle>false</autoIncrementCycle>
<associations>
<colAssociation fkAssociation="FDE3D23C-17BC-5049-E81B-A8935038357C" referredColumn="0F28B8A8-4F5C-1CD5-4FB6-922892236AFA"/>
</associations>
</Column>
</columns>
<indexes itemClass="oracle.dbtools.crest.model.design.relational.Index">
<ind_PK_UK id="1F8EC9B5-AB33-DA98-5AFA-BF2B6637A283" name="SALE_RETURN_PK">
<createdBy>nchhabra</createdBy>
<createdTime>2019-04-11 18:28:39 UTC</createdTime>
<generatorID>237199AE-F58F-05B6-A4BE-490C62EC78A7</generatorID>
<ownerDesignName>Phase 2 Design</ownerDesignName>
<pk>true</pk>
<indexState>Primary Constraint</indexState>
<isSurrogateKey>false</isSurrogateKey>
<indexColumnUsage>
<colUsage columnID="7CC45662-0FC6-7164-D732-C6A54B872CE0"/>
</indexColumnUsage>
</ind_PK_UK>
<ind_PK_UK id="71633F47-7DF1-9AFC-1A3E-3E9750D7EFF6" name="SALE_RETURN__IDX">
<createdBy>nchhabra</createdBy>
<createdTime>2019-04-11 18:28:39 UTC</createdTime>
<ownerDesignName>Phase 2 Design</ownerDesignName>
<indexState>Unique Plain Index</indexState>
<isSurrogateKey>false</isSurrogateKey>
<relationGeneratorID>81CF0612-98FD-29EE-B0AE-B2F5FC288D48</relationGeneratorID>
</ind_PK_UK>
<ind_PK_UK id="C3E1DCC3-44F2-4713-0E00-C9D10D95A74A" name="SALE_RETURN_EMPLOYEE_FK">
<createdBy>nchhabra</createdBy>
<createdTime>2019-04-11 18:28:39 UTC</createdTime>
<generatorID>BAC15AC9-1469-5773-1701-D4845B618676</generatorID>
<ownerDesignName>Phase 2 Design</ownerDesignName>
<indexState>Foreign Key</indexState>
<isSurrogateKey>false</isSurrogateKey>
<indexColumnUsage>
<colUsage columnID="AFFE704A-FC40-4E69-A8EA-A419E585987B"/>
</indexColumnUsage>
</ind_PK_UK>
<ind_PK_UK id="E57C43E8-1492-CC26-6C1A-55A4F6B41D19" name="SALE_RETURN_INVOICE_FK">
<createdBy>nchhabra</createdBy>
<createdTime>2019-04-11 18:28:39 UTC</createdTime>
<generatorID>81CF0612-98FD-29EE-B0AE-B2F5FC288D48</generatorID>
<ownerDesignName>Phase 2 Design</ownerDesignName>
<indexState>Foreign Key</indexState>
<isSurrogateKey>false</isSurrogateKey>
<indexColumnUsage>
<colUsage columnID="D3CF3BDA-C35D-A057-8E3E-5FB3A79EFE6E"/>
</indexColumnUsage>
</ind_PK_UK>
</indexes>
</Table>