<?xml version = '1.0' encoding = 'UTF-8'?>
<Table class="oracle.dbtools.crest.model.design.relational.Table" directorySegmentName="seg_0" id="4C0CC29F-75B2-6CA4-A855-0BA725624326" name="PURCHASE_ORDER">
<createdBy>nchhabra</createdBy>
<createdTime>2019-04-11 18:28:39 UTC</createdTime>
<generatorID>27B4C1AC-FB31-BB94-2611-4E5C9A6C3C93</generatorID>
<ownerDesignName>Phase 2 Design</ownerDesignName>
<allowColumnReorder>false</allowColumnReorder>
<existDependencyGenerateInDDl>true</existDependencyGenerateInDDl>
<parsed>true</parsed>
<columns itemClass="oracle.dbtools.crest.model.design.relational.Column">
<Column name="PurchaseOrderID" id="89EC9CB1-ABBC-E43A-6A48-90485E58CAE9">
<createdBy>nchhabra</createdBy>
<createdTime>2019-04-11 18:28:39 UTC</createdTime>
<generatorID>47E1BBC2-49DD-3837-2461-585AFD99FEEC</generatorID>
<ownerDesignName>Phase 2 Design</ownerDesignName>
<useDomainConstraints>false</useDomainConstraints>
<use>1</use>
<logicalDatatype>LOGDT025</logicalDatatype>
<dataTypeSize>5</dataTypeSize>
<ownDataTypeParameters>5,,</ownDataTypeParameters>
<autoIncrementCycle>false</autoIncrementCycle>
</Column>
<Column name="Description" id="1055C155-2F9A-7E6A-34CB-3EE43D94C475">
<createdBy>nchhabra</createdBy>
<createdTime>2019-04-11 18:28:39 UTC</createdTime>
<generatorID>BAB71866-5300-18F4-DA3A-A67B92B1132C</generatorID>
<ownerDesignName>Phase 2 Design</ownerDesignName>
<nullsAllowed>true</nullsAllowed>
<useDomainConstraints>false</useDomainConstraints>
<use>1</use>
<logicalDatatype>LOGDT024</logicalDatatype>
<dataTypeSize>20</dataTypeSize>
<ownDataTypeParameters>20,,</ownDataTypeParameters>
<autoIncrementCycle>false</autoIncrementCycle>
</Column>
<Column name="QuantityOfProducts" id="031822A4-5E71-8E0F-5842-71D3D107E0D0">
<createdBy>nchhabra</createdBy>
<createdTime>2019-04-11 18:28:39 UTC</createdTime>
<generatorID>6332412E-500E-C622-E151-F8B01DB4AD81</generatorID>
<ownerDesignName>Phase 2 Design</ownerDesignName>
<nullsAllowed>true</nullsAllowed>
<useDomainConstraints>false</useDomainConstraints>
<use>1</use>
<logicalDatatype>LOGDT019</logicalDatatype>
<dataTypePrecision>5</dataTypePrecision>
<ownDataTypeParameters>,5,</ownDataTypeParameters>
<autoIncrementCycle>false</autoIncrementCycle>
</Column>
<Column name="Date" id="01581606-FD3E-E188-017D-54547017D2CA">
<createdBy>nchhabra</createdBy>
<createdTime>2019-04-11 18:28:39 UTC</createdTime>
<generatorID>5E232FBF-C01F-635E-CA18-92EF53013125</generatorID>
<ownerDesignName>Phase 2 Design</ownerDesignName>
<nullsAllowed>true</nullsAllowed>
<useDomainConstraints>false</useDomainConstraints>
<use>1</use>
<logicalDatatype>LOGDT007</logicalDatatype>
<ownDataTypeParameters>,,</ownDataTypeParameters>
<autoIncrementCycle>false</autoIncrementCycle>
</Column>
<Column name="UnitCost" id="03D7B281-9AA9-3D44-6C25-15C387C5F25B">
<createdBy>nchhabra</createdBy>
<createdTime>2019-04-11 18:28:39 UTC</createdTime>
<generatorID>49FB3F01-3131-E39F-D24E-9A06EAAB20C0</generatorID>
<ownerDesignName>Phase 2 Design</ownerDesignName>
<nullsAllowed>true</nullsAllowed>
<useDomainConstraints>false</useDomainConstraints>
<use>1</use>
<logicalDatatype>LOGDT019</logicalDatatype>
<dataTypePrecision>12</dataTypePrecision>
<dataTypeScale>2</dataTypeScale>
<ownDataTypeParameters>,12,2</ownDataTypeParameters>
<autoIncrementCycle>false</autoIncrementCycle>
</Column>
<Column name="TotalCost" id="383D7610-03C8-F3FA-61E2-01027C0EC407">
<createdBy>nchhabra</createdBy>
<createdTime>2019-04-11 18:28:39 UTC</createdTime>
<generatorID>D5ABCC55-4349-9080-FFCF-28EC9D56976D</generatorID>
<ownerDesignName>Phase 2 Design</ownerDesignName>
<nullsAllowed>true</nullsAllowed>
<useDomainConstraints>false</useDomainConstraints>
<use>1</use>
<logicalDatatype>LOGDT019</logicalDatatype>
<dataTypePrecision>12</dataTypePrecision>
<dataTypeScale>2</dataTypeScale>
<ownDataTypeParameters>,12,2</ownDataTypeParameters>
<autoIncrementCycle>false</autoIncrementCycle>
</Column>
<Column name="EMPLOYEE_EmployeeID" id="78DC3B3E-E568-0F06-B5FA-3B70670899CC">
<createdBy>ben00</createdBy>
<createdTime>2019-04-25 17:26:29 UTC</createdTime>
<ownerDesignName>Phase 2 Design</ownerDesignName>
<useDomainConstraints>false</useDomainConstraints>
<use>1</use>
<logicalDatatype>LOGDT025</logicalDatatype>
<dataTypeSize>5</dataTypeSize>
<ownDataTypeParameters>,,</ownDataTypeParameters>
<previousColumn>false</previousColumn>
<autoIncrementCycle>false</autoIncrementCycle>
<associations>
<colAssociation fkAssociation="37552119-4219-2110-D0BE-00829A60B2C8" referredColumn="7F8AD948-93FA-E11C-EB57-C6BD1263D1AA"/>
</associations>
</Column>
<Column name="SUPPLIER_SupplierID" id="B248966B-8F07-8CDC-3E64-2B9FF73BEEF8">
<createdBy>ben00</createdBy>
<createdTime>2019-04-25 17:34:02 UTC</createdTime>
<ownerDesignName>Phase 2 Design</ownerDesignName>
<useDomainConstraints>false</useDomainConstraints>
<use>1</use>
<logicalDatatype>LOGDT025</logicalDatatype>
<dataTypeSize>5</dataTypeSize>
<ownDataTypeParameters>,,</ownDataTypeParameters>
<previousColumn>false</previousColumn>
<autoIncrementCycle>false</autoIncrementCycle>
<associations>
<colAssociation fkAssociation="C0D39036-8FDF-594F-F464-1AE3DD6EE550" referredColumn="FB77A058-9C9C-478D-0908-D875D7B9B647"/>
</associations>
</Column>
</columns>
<indexes itemClass="oracle.dbtools.crest.model.design.relational.Index">
<ind_PK_UK id="67F17F13-8CA2-8439-3428-0F92F123ED8B" name="PURCHASE_ORDER_PK">
<createdBy>nchhabra</createdBy>
<createdTime>2019-04-11 18:28:39 UTC</createdTime>
<generatorID>2F702082-24D8-9A5E-8EBA-1A114789B6AE</generatorID>
<ownerDesignName>Phase 2 Design</ownerDesignName>
<pk>true</pk>
<indexState>Primary Constraint</indexState>
<isSurrogateKey>false</isSurrogateKey>
<indexColumnUsage>
<colUsage columnID="89EC9CB1-ABBC-E43A-6A48-90485E58CAE9"/>
</indexColumnUsage>
</ind_PK_UK>
<ind_PK_UK id="276813CA-6655-FF44-2882-1A613EE14C7B" name="PURCHASE_ORDER_SUPPLIER_FK">
<createdBy>nchhabra</createdBy>
<createdTime>2019-04-11 18:28:39 UTC</createdTime>
<generatorID>EAEDE882-5A24-2F30-44A6-04375EBDEEC0</generatorID>
<ownerDesignName>Phase 2 Design</ownerDesignName>
<indexState>Foreign Key</indexState>
<isSurrogateKey>false</isSurrogateKey>
<indexColumnUsage>
<colUsage columnID="B248966B-8F07-8CDC-3E64-2B9FF73BEEF8"/>
</indexColumnUsage>
</ind_PK_UK>
<ind_PK_UK id="CD1C9A53-20FC-758F-168A-E3EE6E7CC13F" name="PURCHASE_ORDER_EMPLOYEE_FK">
<createdBy>nchhabra</createdBy>
<createdTime>2019-04-11 18:28:39 UTC</createdTime>
<generatorID>F01E34B3-25E8-18D7-8F67-F8C65774FCF8</generatorID>
<ownerDesignName>Phase 2 Design</ownerDesignName>
<indexState>Foreign Key</indexState>
<isSurrogateKey>false</isSurrogateKey>
<indexColumnUsage>
<colUsage columnID="78DC3B3E-E568-0F06-B5FA-3B70670899CC"/>
</indexColumnUsage>
</ind_PK_UK>
</indexes>
</Table>