<?xml version = '1.0' encoding = 'UTF-8'?>
<Table class="oracle.dbtools.crest.model.design.relational.Table" directorySegmentName="seg_0" id="533E6F22-E9F3-CB08-5015-FD7748B18348" name="DEPOSIT">
<createdBy>nchhabra</createdBy>
<createdTime>2019-04-11 18:28:39 UTC</createdTime>
<generatorID>0C13EA84-FE28-A77E-DD61-99218465A17A</generatorID>
<ownerDesignName>Phase 2 Design</ownerDesignName>
<allowColumnReorder>false</allowColumnReorder>
<existDependencyGenerateInDDl>true</existDependencyGenerateInDDl>
<parsed>true</parsed>
<columns itemClass="oracle.dbtools.crest.model.design.relational.Column">
<Column name="DepositNumber" id="65CB5159-6C85-59D1-B6F4-416D8C8EF469">
<createdBy>nchhabra</createdBy>
<createdTime>2019-04-11 18:28:39 UTC</createdTime>
<generatorID>14BFD3C7-1918-4CE0-E030-771571D0EDB2</generatorID>
<ownerDesignName>Phase 2 Design</ownerDesignName>
<useDomainConstraints>false</useDomainConstraints>
<use>1</use>
<logicalDatatype>LOGDT025</logicalDatatype>
<dataTypeSize>5</dataTypeSize>
<ownDataTypeParameters>5,,</ownDataTypeParameters>
<autoIncrementCycle>false</autoIncrementCycle>
</Column>
<Column name="DepositAmount" id="F0719F40-2B90-684D-35D9-0392180F5BBC">
<createdBy>nchhabra</createdBy>
<createdTime>2019-04-11 18:28:39 UTC</createdTime>
<generatorID>656515B0-D420-F52A-9668-8304AB48B5C1</generatorID>
<ownerDesignName>Phase 2 Design</ownerDesignName>
<nullsAllowed>true</nullsAllowed>
<useDomainConstraints>false</useDomainConstraints>
<use>1</use>
<logicalDatatype>LOGDT019</logicalDatatype>
<dataTypePrecision>7</dataTypePrecision>
<dataTypeScale>2</dataTypeScale>
<ownDataTypeParameters>,7,2</ownDataTypeParameters>
<autoIncrementCycle>false</autoIncrementCycle>
</Column>
<Column name="DepositDate" id="716F4C9A-CCF7-7AA6-733C-B247B5E03741">
<createdBy>nchhabra</createdBy>
<createdTime>2019-04-11 18:28:39 UTC</createdTime>
<generatorID>9D7777E0-3AF2-1E07-D655-1C34CFD9DCC1</generatorID>
<ownerDesignName>Phase 2 Design</ownerDesignName>
<nullsAllowed>true</nullsAllowed>
<useDomainConstraints>false</useDomainConstraints>
<use>1</use>
<logicalDatatype>LOGDT007</logicalDatatype>
<ownDataTypeParameters>,,</ownDataTypeParameters>
<autoIncrementCycle>false</autoIncrementCycle>
</Column>
<Column name="EMPLOYEE_EmployeeID" id="965FF077-A019-CC3E-479F-C596587508E7">
<createdBy>ben00</createdBy>
<createdTime>2019-04-25 17:26:29 UTC</createdTime>
<ownerDesignName>Phase 2 Design</ownerDesignName>
<useDomainConstraints>false</useDomainConstraints>
<use>1</use>
<logicalDatatype>LOGDT025</logicalDatatype>
<dataTypeSize>5</dataTypeSize>
<ownDataTypeParameters>,,</ownDataTypeParameters>
<previousColumn>false</previousColumn>
<autoIncrementCycle>false</autoIncrementCycle>
<associations>
<colAssociation fkAssociation="28E2905D-D6D2-1178-0678-B222FDE99754" referredColumn="7F8AD948-93FA-E11C-EB57-C6BD1263D1AA"/>
</associations>
</Column>
<Column name="BANK_BankAccountNumber" id="32AD0F0C-F46C-0BA2-868F-111C6CBD52DE">
<createdBy>ben00</createdBy>
<createdTime>2019-04-25 17:29:48 UTC</createdTime>
<ownerDesignName>Phase 2 Design</ownerDesignName>
<useDomainConstraints>false</useDomainConstraints>
<use>1</use>
<logicalDatatype>LOGDT025</logicalDatatype>
<dataTypeSize>10</dataTypeSize>
<ownDataTypeParameters>,,</ownDataTypeParameters>
<previousColumn>false</previousColumn>
<autoIncrementCycle>false</autoIncrementCycle>
<associations>
<colAssociation fkAssociation="B8AC7431-FCBE-A851-C3F3-CCCB6911F58B" referredColumn="C8604A55-87C1-5187-B682-5F7A205E5829"/>
</associations>
</Column>
</columns>
<indexes itemClass="oracle.dbtools.crest.model.design.relational.Index">
<ind_PK_UK id="96ECA7C8-3412-A6FF-A157-BD9C166C01ED" name="DEPOSIT_PK">
<createdBy>nchhabra</createdBy>
<createdTime>2019-04-11 18:28:39 UTC</createdTime>
<generatorID>E61BFB30-DF24-4AA4-3E61-8F0C6344186D</generatorID>
<ownerDesignName>Phase 2 Design</ownerDesignName>
<pk>true</pk>
<indexState>Primary Constraint</indexState>
<isSurrogateKey>false</isSurrogateKey>
<indexColumnUsage>
<colUsage columnID="65CB5159-6C85-59D1-B6F4-416D8C8EF469"/>
</indexColumnUsage>
</ind_PK_UK>
<ind_PK_UK id="C288399D-4D88-451D-4556-E4BBDE27F8C4" name="DEPOSIT_EMPLOYEE_FK">
<createdBy>nchhabra</createdBy>
<createdTime>2019-04-11 18:28:39 UTC</createdTime>
<generatorID>00798075-FA3C-FBD4-8509-AAD2B059353A</generatorID>
<ownerDesignName>Phase 2 Design</ownerDesignName>
<indexState>Foreign Key</indexState>
<isSurrogateKey>false</isSurrogateKey>
<indexColumnUsage>
<colUsage columnID="965FF077-A019-CC3E-479F-C596587508E7"/>
</indexColumnUsage>
</ind_PK_UK>
<ind_PK_UK id="A81DD0B0-70CA-8DE9-001E-999E1336678A" name="DEPOSIT_BANK_FK">
<createdBy>nchhabra</createdBy>
<createdTime>2019-04-11 18:28:39 UTC</createdTime>
<generatorID>6E21ABF5-7925-9D22-B3EE-B423BBEF07AF</generatorID>
<ownerDesignName>Phase 2 Design</ownerDesignName>
<indexState>Foreign Key</indexState>
<isSurrogateKey>false</isSurrogateKey>
<indexColumnUsage>
<colUsage columnID="32AD0F0C-F46C-0BA2-868F-111C6CBD52DE"/>
</indexColumnUsage>
</ind_PK_UK>
</indexes>
</Table>