<?xml version = '1.0' encoding = 'UTF-8'?>
<Table class="oracle.dbtools.crest.model.design.relational.Table" directorySegmentName="seg_0" id="AD4AC33F-2B7D-F25B-EDB0-69E727CB560C" name="ORDERITEM">
<createdBy>nchhabra</createdBy>
<createdTime>2019-04-11 18:28:39 UTC</createdTime>
<generatorID>85FDC51E-D6AF-6862-037E-7D7B154F8598</generatorID>
<ownerDesignName>Phase 2 Design</ownerDesignName>
<allowColumnReorder>false</allowColumnReorder>
<existDependencyGenerateInDDl>true</existDependencyGenerateInDDl>
<parsed>true</parsed>
<columns itemClass="oracle.dbtools.crest.model.design.relational.Column">
<Column name="ItemName" id="D94AC0C5-6590-9FDC-BA46-47FB499570AD">
<createdBy>nchhabra</createdBy>
<createdTime>2019-04-11 18:28:39 UTC</createdTime>
<generatorID>19BC2024-3D39-ADD2-1A54-1F7EB24B89B1</generatorID>
<ownerDesignName>Phase 2 Design</ownerDesignName>
<nullsAllowed>true</nullsAllowed>
<useDomainConstraints>false</useDomainConstraints>
<use>1</use>
<logicalDatatype>LOGDT024</logicalDatatype>
<dataTypeSize>20</dataTypeSize>
<ownDataTypeParameters>20,,</ownDataTypeParameters>
<autoIncrementCycle>false</autoIncrementCycle>
</Column>
<Column name="DescritpionOfItem" id="6DCFA8AA-FFED-0C91-C571-4EA9EA0BBB5A">
<createdBy>nchhabra</createdBy>
<createdTime>2019-04-11 18:28:39 UTC</createdTime>
<generatorID>3FCB4B47-1AE5-F03D-67BD-CDF07048B81C</generatorID>
<ownerDesignName>Phase 2 Design</ownerDesignName>
<nullsAllowed>true</nullsAllowed>
<useDomainConstraints>false</useDomainConstraints>
<use>1</use>
<logicalDatatype>LOGDT024</logicalDatatype>
<dataTypeSize>20</dataTypeSize>
<ownDataTypeParameters>20,,</ownDataTypeParameters>
<autoIncrementCycle>false</autoIncrementCycle>
</Column>
<Column name="Popularity" id="52020A88-866F-FA85-A9F7-1BA879ADA5D6">
<createdBy>nchhabra</createdBy>
<createdTime>2019-04-11 18:28:39 UTC</createdTime>
<generatorID>2BB4DBF5-DE81-4B58-F631-6DCA52AB033A</generatorID>
<ownerDesignName>Phase 2 Design</ownerDesignName>
<nullsAllowed>true</nullsAllowed>
<useDomainConstraints>false</useDomainConstraints>
<use>1</use>
<logicalDatatype>LOGDT024</logicalDatatype>
<dataTypeSize>20</dataTypeSize>
<ownDataTypeParameters>20,,</ownDataTypeParameters>
<autoIncrementCycle>false</autoIncrementCycle>
</Column>
<Column name="PriceOfItem" id="99CFDF00-A662-BD5F-97FA-D1FF4648ABE7">
<createdBy>nchhabra</createdBy>
<createdTime>2019-04-11 18:28:39 UTC</createdTime>
<generatorID>775E7C67-A03A-D5AE-E9B4-D7F872414CB9</generatorID>
<ownerDesignName>Phase 2 Design</ownerDesignName>
<nullsAllowed>true</nullsAllowed>
<useDomainConstraints>false</useDomainConstraints>
<use>1</use>
<logicalDatatype>LOGDT019</logicalDatatype>
<dataTypePrecision>12</dataTypePrecision>
<dataTypeScale>2</dataTypeScale>
<ownDataTypeParameters>,12,2</ownDataTypeParameters>
<autoIncrementCycle>false</autoIncrementCycle>
</Column>
<Column name="INVENTORY_InventoryID" id="48ED7A59-BFCD-E748-CB2D-01CB3C030911">
<createdBy>ben00</createdBy>
<createdTime>2019-04-25 17:38:15 UTC</createdTime>
<ownerDesignName>Phase 2 Design</ownerDesignName>
<useDomainConstraints>false</useDomainConstraints>
<use>1</use>
<logicalDatatype>LOGDT025</logicalDatatype>
<dataTypeSize>5</dataTypeSize>
<ownDataTypeParameters>,,</ownDataTypeParameters>
<previousColumn>false</previousColumn>
<autoIncrementCycle>false</autoIncrementCycle>
<associations>
<colAssociation fkAssociation="1DC023EE-B7A6-F7F0-20CE-FE4E670AFB81" referredColumn="37EE61FC-D042-073F-E17D-7D68F82B755D"/>
</associations>
</Column>
<Column name="SALESORDER_SaleOrderID" id="E25FC1A7-2D80-C98E-2925-AAEC7409FA02">
<createdBy>ben00</createdBy>
<createdTime>2019-04-25 17:42:24 UTC</createdTime>
<ownerDesignName>Phase 2 Design</ownerDesignName>
<useDomainConstraints>false</useDomainConstraints>
<use>1</use>
<logicalDatatype>LOGDT025</logicalDatatype>
<dataTypeSize>5</dataTypeSize>
<ownDataTypeParameters>,,</ownDataTypeParameters>
<previousColumn>false</previousColumn>
<autoIncrementCycle>false</autoIncrementCycle>
<associations>
<colAssociation fkAssociation="AABD25AB-6372-4F64-9CD9-6FDEC972D599" referredColumn="C164C89C-4289-31A4-D18F-10217088D7A0"/>
</associations>
</Column>
</columns>
<indexes itemClass="oracle.dbtools.crest.model.design.relational.Index">
<ind_PK_UK id="152FE79A-F0A3-DA6D-1F08-2B9FD2AB9B75" name="ORDERITEM_PK">
<createdBy>nchhabra</createdBy>
<createdTime>2019-04-11 18:28:39 UTC</createdTime>
<generatorID>21E29197-282C-A0DF-FFF6-64E274D670FB</generatorID>
<ownerDesignName>Phase 2 Design</ownerDesignName>
<pk>true</pk>
<indexState>Primary Constraint</indexState>
<isSurrogateKey>false</isSurrogateKey>
<indexColumnUsage>
<colUsage columnID="48ED7A59-BFCD-E748-CB2D-01CB3C030911"/>
<colUsage columnID="E25FC1A7-2D80-C98E-2925-AAEC7409FA02"/>
</indexColumnUsage>
</ind_PK_UK>
<ind_PK_UK id="F8553F96-17E8-2A5B-BD29-D99B401753C3" name="ORDERITEM_SALESORDER_FK">
<createdBy>nchhabra</createdBy>
<createdTime>2019-04-11 18:28:39 UTC</createdTime>
<generatorID>FAAE5AA8-5B0B-CA8D-1336-1957F2C74071</generatorID>
<ownerDesignName>Phase 2 Design</ownerDesignName>
<indexState>Foreign Key</indexState>
<isSurrogateKey>false</isSurrogateKey>
<indexColumnUsage>
<colUsage columnID="E25FC1A7-2D80-C98E-2925-AAEC7409FA02"/>
</indexColumnUsage>
</ind_PK_UK>
<ind_PK_UK id="4CDFB6DB-FDB3-3BC3-B66E-98C044A70FF6" name="ORDERITEM_INVENTORY_FK">
<createdBy>nchhabra</createdBy>
<createdTime>2019-04-11 18:28:39 UTC</createdTime>
<generatorID>468AC2CF-D6F9-6C8C-C8EC-9DBB34764B0C</generatorID>
<ownerDesignName>Phase 2 Design</ownerDesignName>
<indexState>Foreign Key</indexState>
<isSurrogateKey>false</isSurrogateKey>
<indexColumnUsage>
<colUsage columnID="48ED7A59-BFCD-E748-CB2D-01CB3C030911"/>
</indexColumnUsage>
</ind_PK_UK>
</indexes>
</Table>