<?xml version = '1.0' encoding = 'UTF-8'?>
<Table class="oracle.dbtools.crest.model.design.relational.Table" directorySegmentName="seg_0" id="D9C32FDC-CF0D-A228-E5EA-BC13DFD25DF9" name="CONSULTATION">
<createdBy>nchhabra</createdBy>
<createdTime>2019-04-11 18:28:39 UTC</createdTime>
<generatorID>C7A5E498-E8FA-E214-B52D-055321978640</generatorID>
<ownerDesignName>Phase 2 Design</ownerDesignName>
<allowColumnReorder>false</allowColumnReorder>
<existDependencyGenerateInDDl>true</existDependencyGenerateInDDl>
<parsed>true</parsed>
<columns itemClass="oracle.dbtools.crest.model.design.relational.Column">
<Column name="ConsultationID" id="B5BAF458-0AB6-41F6-445B-C07C52C785DB">
<createdBy>nchhabra</createdBy>
<createdTime>2019-04-11 18:28:39 UTC</createdTime>
<generatorID>720A0106-7E2B-5A96-65C5-06D0676671B2</generatorID>
<ownerDesignName>Phase 2 Design</ownerDesignName>
<useDomainConstraints>false</useDomainConstraints>
<use>1</use>
<logicalDatatype>LOGDT025</logicalDatatype>
<dataTypeSize>5</dataTypeSize>
<ownDataTypeParameters>5,,</ownDataTypeParameters>
<autoIncrementCycle>false</autoIncrementCycle>
</Column>
<Column name="ConsultationDescription" id="F0667482-5CDE-B1A0-9CD7-CDA6D0B5EAAC">
<createdBy>nchhabra</createdBy>
<createdTime>2019-04-11 18:28:39 UTC</createdTime>
<generatorID>53DF88C2-4ADB-DAD2-171A-331599775F50</generatorID>
<ownerDesignName>Phase 2 Design</ownerDesignName>
<nullsAllowed>true</nullsAllowed>
<useDomainConstraints>false</useDomainConstraints>
<use>1</use>
<logicalDatatype>LOGDT024</logicalDatatype>
<dataTypeSize>30</dataTypeSize>
<ownDataTypeParameters>30,,</ownDataTypeParameters>
<autoIncrementCycle>false</autoIncrementCycle>
</Column>
<Column name="ConsultationDate" id="4764B94C-F781-6103-8AB0-AC7AD6787336">
<createdBy>nchhabra</createdBy>
<createdTime>2019-04-11 18:28:39 UTC</createdTime>
<generatorID>CAA7828D-D85E-F80C-49A2-03AC8DF1070C</generatorID>
<ownerDesignName>Phase 2 Design</ownerDesignName>
<nullsAllowed>true</nullsAllowed>
<useDomainConstraints>false</useDomainConstraints>
<use>1</use>
<logicalDatatype>LOGDT007</logicalDatatype>
<ownDataTypeParameters>,,</ownDataTypeParameters>
<autoIncrementCycle>false</autoIncrementCycle>
</Column>
<Column name="LocationMeeting" id="A67C8E41-DAE4-4347-6495-2421E32E9E3D">
<createdBy>nchhabra</createdBy>
<createdTime>2019-04-11 18:28:39 UTC</createdTime>
<generatorID>C0CCB507-340A-3A72-F369-6A66F6166F80</generatorID>
<ownerDesignName>Phase 2 Design</ownerDesignName>
<nullsAllowed>true</nullsAllowed>
<useDomainConstraints>false</useDomainConstraints>
<use>1</use>
<logicalDatatype>LOGDT024</logicalDatatype>
<dataTypeSize>20</dataTypeSize>
<ownDataTypeParameters>20,,</ownDataTypeParameters>
<autoIncrementCycle>false</autoIncrementCycle>
</Column>
<Column name="ClientName" id="10C8CC29-7F57-858B-0F65-20FBA3C8B9C3">
<createdBy>nchhabra</createdBy>
<createdTime>2019-04-11 18:28:39 UTC</createdTime>
<generatorID>1E5D8D46-A023-AE68-9041-2B3B4505629F</generatorID>
<ownerDesignName>Phase 2 Design</ownerDesignName>
<nullsAllowed>true</nullsAllowed>
<useDomainConstraints>false</useDomainConstraints>
<use>1</use>
<logicalDatatype>LOGDT024</logicalDatatype>
<dataTypeSize>30</dataTypeSize>
<ownDataTypeParameters>30,,</ownDataTypeParameters>
<autoIncrementCycle>false</autoIncrementCycle>
</Column>
<Column name="TypeOfConsulation" id="EE17D2F8-48AF-4F8D-BB51-29C786E3B6AA">
<createdBy>nchhabra</createdBy>
<createdTime>2019-04-11 18:28:39 UTC</createdTime>
<generatorID>7A15DF77-A095-B432-3733-0849D14C6E81</generatorID>
<ownerDesignName>Phase 2 Design</ownerDesignName>
<nullsAllowed>true</nullsAllowed>
<useDomainConstraints>false</useDomainConstraints>
<use>1</use>
<logicalDatatype>LOGDT024</logicalDatatype>
<dataTypeSize>20</dataTypeSize>
<ownDataTypeParameters>20,,</ownDataTypeParameters>
<autoIncrementCycle>false</autoIncrementCycle>
</Column>
<Column name="EMPLOYEE_EmployeeID" id="2071715F-D775-2404-969C-CE45C1E0881C">
<createdBy>ben00</createdBy>
<createdTime>2019-04-25 17:26:29 UTC</createdTime>
<ownerDesignName>Phase 2 Design</ownerDesignName>
<useDomainConstraints>false</useDomainConstraints>
<use>1</use>
<logicalDatatype>LOGDT025</logicalDatatype>
<dataTypeSize>5</dataTypeSize>
<ownDataTypeParameters>,,</ownDataTypeParameters>
<previousColumn>false</previousColumn>
<autoIncrementCycle>false</autoIncrementCycle>
<associations>
<colAssociation fkAssociation="31D30A4E-04EE-5109-0B77-253C82FD30AD" referredColumn="7F8AD948-93FA-E11C-EB57-C6BD1263D1AA"/>
</associations>
</Column>
<Column name="CLIENT_ClientID" id="E8CABF3C-2821-4C25-FBC2-2BE82A1C457E">
<createdBy>ben00</createdBy>
<createdTime>2019-04-25 17:41:12 UTC</createdTime>
<ownerDesignName>Phase 2 Design</ownerDesignName>
<useDomainConstraints>false</useDomainConstraints>
<use>1</use>
<logicalDatatype>LOGDT025</logicalDatatype>
<dataTypeSize>5</dataTypeSize>
<ownDataTypeParameters>,,</ownDataTypeParameters>
<previousColumn>false</previousColumn>
<autoIncrementCycle>false</autoIncrementCycle>
<associations>
<colAssociation fkAssociation="6C114E3B-F0DA-969D-AB09-D2D68C98F0DB" referredColumn="A25A2983-AB5D-EE8E-DFC2-A7FF76D5E2B7"/>
</associations>
</Column>
</columns>
<indexes itemClass="oracle.dbtools.crest.model.design.relational.Index">
<ind_PK_UK id="0BF29552-71DF-70F1-9117-67DB2FF32EDF" name="CONSULTATION_PK">
<createdBy>nchhabra</createdBy>
<createdTime>2019-04-11 18:28:39 UTC</createdTime>
<generatorID>F58E13A4-0B9B-20E3-D86A-1E598C0D28A2</generatorID>
<ownerDesignName>Phase 2 Design</ownerDesignName>
<pk>true</pk>
<indexState>Primary Constraint</indexState>
<isSurrogateKey>false</isSurrogateKey>
<indexColumnUsage>
<colUsage columnID="B5BAF458-0AB6-41F6-445B-C07C52C785DB"/>
</indexColumnUsage>
</ind_PK_UK>
<ind_PK_UK id="EFB48AA3-B088-8FD7-A203-558D2090A3D5" name="CONSULTATION_EMPLOYEE_FK">
<createdBy>nchhabra</createdBy>
<createdTime>2019-04-11 18:28:39 UTC</createdTime>
<generatorID>868D1BE0-564D-5C30-8277-E7292B8FC2BA</generatorID>
<ownerDesignName>Phase 2 Design</ownerDesignName>
<indexState>Foreign Key</indexState>
<isSurrogateKey>false</isSurrogateKey>
<indexColumnUsage>
<colUsage columnID="2071715F-D775-2404-969C-CE45C1E0881C"/>
</indexColumnUsage>
</ind_PK_UK>
<ind_PK_UK id="AADD4C87-46B5-CFB7-BC52-AD96A2997C7C" name="CONSULTATION_CLIENT_FK">
<createdBy>nchhabra</createdBy>
<createdTime>2019-04-11 18:28:39 UTC</createdTime>
<generatorID>9C7BE096-AE31-A09D-F84E-AA36C13FCA17</generatorID>
<ownerDesignName>Phase 2 Design</ownerDesignName>
<indexState>Foreign Key</indexState>
<isSurrogateKey>false</isSurrogateKey>
<indexColumnUsage>
<colUsage columnID="E8CABF3C-2821-4C25-FBC2-2BE82A1C457E"/>
</indexColumnUsage>
</ind_PK_UK>
</indexes>
</Table>