<?xml version = '1.0' encoding = 'UTF-8'?>
<Entity class="oracle.dbtools.crest.model.design.logical.Entity" directorySegmentName="seg_0" id="059259C0-0B8E-21FF-92CF-2352AC6049E2" name="INVENTORY TYPE">
<createdBy>nchhabra</createdBy>
<createdTime>2019-04-11 17:35:31 UTC</createdTime>
<ownerDesignName>Phase 2 Design</ownerDesignName>
<engineerTo>
<item key="63C5A1FC-A655-937A-6AEF-11027BFDA3C5" value="true"/>
</engineerTo>
<adequatelyNormalized>NO</adequatelyNormalized>
<expectedVolumes>0</expectedVolumes>
<fwdEngineeringStrategyName>Single Table</fwdEngineeringStrategyName>
<growthPercent>0</growthPercent>
<growthType>Year</growthType>
<maxVolumes>9999999</maxVolumes>
<minVolumes>0</minVolumes>
<normalForm>Third</normalForm>
<attributes itemClass="oracle.dbtools.crest.model.design.logical.Attribute">
<Attribute name="InventoryTypeId" id="32B1E569-BD4B-F730-DA80-A20EDC737604">
<createdBy>nchhabra</createdBy>
<createdTime>2019-04-11 17:35:52 UTC</createdTime>
<ownerDesignName>Phase 2 Design</ownerDesignName>
<engineerTo>
<item key="63C5A1FC-A655-937A-6AEF-11027BFDA3C5" value="true"/>
</engineerTo>
<use>0</use>
<ownDataTypeParameters>,,</ownDataTypeParameters>
</Attribute>
<Attribute name="Popularity" id="E41A9EF8-A745-01D6-9EB2-E4B252EF6C1A">
<createdBy>nchhabra</createdBy>
<createdTime>2019-04-11 17:36:01 UTC</createdTime>
<ownerDesignName>Phase 2 Design</ownerDesignName>
<engineerTo>
<item key="63C5A1FC-A655-937A-6AEF-11027BFDA3C5" value="true"/>
</engineerTo>
<nullsAllowed>true</nullsAllowed>
<use>0</use>
<ownDataTypeParameters>,,</ownDataTypeParameters>
</Attribute>
<Attribute name="TypeDescritpion" id="D6B6AE6F-7331-7A6A-888A-F566CB8FDA79">
<createdBy>nchhabra</createdBy>
<createdTime>2019-04-11 17:36:07 UTC</createdTime>
<ownerDesignName>Phase 2 Design</ownerDesignName>
<engineerTo>
<item key="63C5A1FC-A655-937A-6AEF-11027BFDA3C5" value="true"/>
</engineerTo>
<nullsAllowed>true</nullsAllowed>
<use>0</use>
<ownDataTypeParameters>,,</ownDataTypeParameters>
</Attribute>
<Attribute name="TypeName" id="C0A3EB2D-D6DA-ED7C-B178-2D9474C71E60">
<createdBy>nchhabra</createdBy>
<createdTime>2019-04-11 17:36:12 UTC</createdTime>
<ownerDesignName>Phase 2 Design</ownerDesignName>
<engineerTo>
<item key="63C5A1FC-A655-937A-6AEF-11027BFDA3C5" value="true"/>
</engineerTo>
<nullsAllowed>true</nullsAllowed>
<use>0</use>
<ownDataTypeParameters>,,</ownDataTypeParameters>
</Attribute>
</attributes>
<identifiers itemClass="oracle.dbtools.crest.model.design.logical.CandidateKey">
<identifier id="2519323B-3C47-682E-BE58-63978D671159" name="INVENTORY TYPE PK">
<createdBy>nchhabra</createdBy>
<createdTime>2019-04-11 17:35:59 UTC</createdTime>
<ownerDesignName>Phase 2 Design</ownerDesignName>
<engineerTo>
<item key="63C5A1FC-A655-937A-6AEF-11027BFDA3C5" value="true"/>
</engineerTo>
<pk>true</pk>
<usedAttributes>
<attributeRef>32B1E569-BD4B-F730-DA80-A20EDC737604</attributeRef>
</usedAttributes>
</identifier>
</identifiers>
</Entity>