<?xml version = '1.0' encoding = 'UTF-8'?>
<Entity class="oracle.dbtools.crest.model.design.logical.Entity" directorySegmentName="seg_0" id="0C13EA84-FE28-A77E-DD61-99218465A17A" name="DEPOSIT">
<createdBy>nchhabra</createdBy>
<createdTime>2019-04-11 17:23:04 UTC</createdTime>
<ownerDesignName>Phase 2 Design</ownerDesignName>
<engineerTo>
<item key="63C5A1FC-A655-937A-6AEF-11027BFDA3C5" value="true"/>
</engineerTo>
<adequatelyNormalized>NO</adequatelyNormalized>
<expectedVolumes>0</expectedVolumes>
<fwdEngineeringStrategyName>Single Table</fwdEngineeringStrategyName>
<growthPercent>0</growthPercent>
<growthType>Year</growthType>
<maxVolumes>9999999</maxVolumes>
<minVolumes>0</minVolumes>
<normalForm>Third</normalForm>
<attributes itemClass="oracle.dbtools.crest.model.design.logical.Attribute">
<Attribute name="DepositNumber" id="14BFD3C7-1918-4CE0-E030-771571D0EDB2">
<createdBy>nchhabra</createdBy>
<createdTime>2019-04-11 17:23:14 UTC</createdTime>
<ownerDesignName>Phase 2 Design</ownerDesignName>
<engineerTo>
<item key="63C5A1FC-A655-937A-6AEF-11027BFDA3C5" value="true"/>
</engineerTo>
<use>0</use>
<ownDataTypeParameters>,,</ownDataTypeParameters>
</Attribute>
<Attribute name="DepositAmount" id="656515B0-D420-F52A-9668-8304AB48B5C1">
<createdBy>nchhabra</createdBy>
<createdTime>2019-04-11 17:23:20 UTC</createdTime>
<ownerDesignName>Phase 2 Design</ownerDesignName>
<engineerTo>
<item key="63C5A1FC-A655-937A-6AEF-11027BFDA3C5" value="true"/>
</engineerTo>
<nullsAllowed>true</nullsAllowed>
<use>0</use>
<ownDataTypeParameters>,,</ownDataTypeParameters>
</Attribute>
<Attribute name="DepositDate" id="9D7777E0-3AF2-1E07-D655-1C34CFD9DCC1">
<createdBy>nchhabra</createdBy>
<createdTime>2019-04-11 17:23:25 UTC</createdTime>
<ownerDesignName>Phase 2 Design</ownerDesignName>
<engineerTo>
<item key="63C5A1FC-A655-937A-6AEF-11027BFDA3C5" value="true"/>
</engineerTo>
<nullsAllowed>true</nullsAllowed>
<use>0</use>
<ownDataTypeParameters>,,</ownDataTypeParameters>
</Attribute>
<Attribute name="BankAccountNumber" id="6D08EF6B-4609-C29C-5821-5A53A6D041A2">
<createdBy>nchhabra</createdBy>
<createdTime>2019-04-11 17:39:29 UTC</createdTime>
<generatorID>6E21ABF5-7925-9D22-B3EE-B423BBEF07AF</generatorID>
<ownerDesignName>Phase 2 Design</ownerDesignName>
<engineerTo>
<item key="63C5A1FC-A655-937A-6AEF-11027BFDA3C5" value="true"/>
</engineerTo>
<referedAttribute>4C463CD5-5FA6-2012-4C43-D6A69C696F95</referedAttribute>
<use>0</use>
<ownDataTypeParameters>,,</ownDataTypeParameters>
</Attribute>
<Attribute name="EmployeeID" id="80E3578C-426C-9701-237D-CB86A5A98313">
<createdBy>nchhabra</createdBy>
<createdTime>2019-04-11 17:56:40 UTC</createdTime>
<generatorID>00798075-FA3C-FBD4-8509-AAD2B059353A</generatorID>
<ownerDesignName>Phase 2 Design</ownerDesignName>
<engineerTo>
<item key="63C5A1FC-A655-937A-6AEF-11027BFDA3C5" value="true"/>
</engineerTo>
<referedAttribute>4C2DFAC7-67D0-D411-A73A-E5B8A95B0764</referedAttribute>
<use>0</use>
<ownDataTypeParameters>,,</ownDataTypeParameters>
</Attribute>
</attributes>
<identifiers itemClass="oracle.dbtools.crest.model.design.logical.CandidateKey">
<identifier id="E61BFB30-DF24-4AA4-3E61-8F0C6344186D" name="DEPOSIT PK">
<createdBy>nchhabra</createdBy>
<createdTime>2019-04-11 17:23:20 UTC</createdTime>
<ownerDesignName>Phase 2 Design</ownerDesignName>
<engineerTo>
<item key="63C5A1FC-A655-937A-6AEF-11027BFDA3C5" value="true"/>
</engineerTo>
<pk>true</pk>
<usedAttributes>
<attributeRef>14BFD3C7-1918-4CE0-E030-771571D0EDB2</attributeRef>
</usedAttributes>
</identifier>
</identifiers>
</Entity>