<?xml version = '1.0' encoding = 'UTF-8'?>
<Entity class="oracle.dbtools.crest.model.design.logical.Entity" directorySegmentName="seg_0" id="24312FB0-1D46-CBC7-622E-5A85F433E6DF" name="INVENTORY">
<createdBy>nchhabra</createdBy>
<createdTime>2019-04-11 17:36:54 UTC</createdTime>
<ownerDesignName>Phase 2 Design</ownerDesignName>
<engineerTo>
<item key="63C5A1FC-A655-937A-6AEF-11027BFDA3C5" value="true"/>
</engineerTo>
<adequatelyNormalized>NO</adequatelyNormalized>
<expectedVolumes>0</expectedVolumes>
<fwdEngineeringStrategyName>Single Table</fwdEngineeringStrategyName>
<growthPercent>0</growthPercent>
<growthType>Year</growthType>
<maxVolumes>9999999</maxVolumes>
<minVolumes>0</minVolumes>
<normalForm>Third</normalForm>
<attributes itemClass="oracle.dbtools.crest.model.design.logical.Attribute">
<Attribute name="InventoryID" id="43C0B76A-F9BF-3822-40BF-439615800B03">
<createdBy>nchhabra</createdBy>
<createdTime>2019-04-11 17:37:01 UTC</createdTime>
<ownerDesignName>Phase 2 Design</ownerDesignName>
<engineerTo>
<item key="63C5A1FC-A655-937A-6AEF-11027BFDA3C5" value="true"/>
</engineerTo>
<use>0</use>
<ownDataTypeParameters>,,</ownDataTypeParameters>
</Attribute>
<Attribute name="Size" id="402B2FFD-F53A-BE17-C9FD-FF454CD11B06">
<createdBy>nchhabra</createdBy>
<createdTime>2019-04-11 17:37:10 UTC</createdTime>
<ownerDesignName>Phase 2 Design</ownerDesignName>
<engineerTo>
<item key="63C5A1FC-A655-937A-6AEF-11027BFDA3C5" value="true"/>
</engineerTo>
<nullsAllowed>true</nullsAllowed>
<use>0</use>
<ownDataTypeParameters>,,</ownDataTypeParameters>
</Attribute>
<Attribute name="TotalPrice" id="5C1E7C47-8845-48DE-CE54-AD36DF0284CD">
<createdBy>nchhabra</createdBy>
<createdTime>2019-04-11 17:37:14 UTC</createdTime>
<ownerDesignName>Phase 2 Design</ownerDesignName>
<engineerTo>
<item key="63C5A1FC-A655-937A-6AEF-11027BFDA3C5" value="true"/>
</engineerTo>
<nullsAllowed>true</nullsAllowed>
<use>0</use>
<ownDataTypeParameters>,,</ownDataTypeParameters>
</Attribute>
<Attribute name="InventoryTypeId" id="7C14D3D0-E3AB-91FF-9B2E-4A2979D1F232">
<createdBy>nchhabra</createdBy>
<createdTime>2019-04-11 17:53:31 UTC</createdTime>
<generatorID>9753A3F5-2FD4-8CF6-D891-7041FA80FA5D</generatorID>
<ownerDesignName>Phase 2 Design</ownerDesignName>
<engineerTo>
<item key="63C5A1FC-A655-937A-6AEF-11027BFDA3C5" value="true"/>
</engineerTo>
<referedAttribute>32B1E569-BD4B-F730-DA80-A20EDC737604</referedAttribute>
<use>0</use>
<ownDataTypeParameters>,,</ownDataTypeParameters>
</Attribute>
</attributes>
<identifiers itemClass="oracle.dbtools.crest.model.design.logical.CandidateKey">
<identifier id="F5338A2E-0040-F1A8-C256-6A070B3737DC" name="INVENTORY PK">
<createdBy>nchhabra</createdBy>
<createdTime>2019-04-11 17:37:49 UTC</createdTime>
<ownerDesignName>Phase 2 Design</ownerDesignName>
<engineerTo>
<item key="63C5A1FC-A655-937A-6AEF-11027BFDA3C5" value="true"/>
</engineerTo>
<pk>true</pk>
<usedAttributes>
<attributeRef>43C0B76A-F9BF-3822-40BF-439615800B03</attributeRef>
</usedAttributes>
</identifier>
</identifiers>
</Entity>