<?xml version = '1.0' encoding = 'UTF-8'?>
<Entity class="oracle.dbtools.crest.model.design.logical.Entity" directorySegmentName="seg_0" id="25079556-A74C-345E-984C-1AC67571E33B" name="SALE RETURN">
<createdBy>nchhabra</createdBy>
<createdTime>2019-04-11 17:30:17 UTC</createdTime>
<ownerDesignName>Phase 2 Design</ownerDesignName>
<engineerTo>
<item key="63C5A1FC-A655-937A-6AEF-11027BFDA3C5" value="true"/>
</engineerTo>
<adequatelyNormalized>NO</adequatelyNormalized>
<expectedVolumes>0</expectedVolumes>
<fwdEngineeringStrategyName>Single Table</fwdEngineeringStrategyName>
<growthPercent>0</growthPercent>
<growthType>Year</growthType>
<maxVolumes>9999999</maxVolumes>
<minVolumes>0</minVolumes>
<normalForm>Third</normalForm>
<attributes itemClass="oracle.dbtools.crest.model.design.logical.Attribute">
<Attribute name="SaleReturnID" id="AA5CF6FB-230D-9CC0-F242-22E1059774D5">
<createdBy>nchhabra</createdBy>
<createdTime>2019-04-11 17:30:26 UTC</createdTime>
<ownerDesignName>Phase 2 Design</ownerDesignName>
<engineerTo>
<item key="63C5A1FC-A655-937A-6AEF-11027BFDA3C5" value="true"/>
</engineerTo>
<use>0</use>
<ownDataTypeParameters>,,</ownDataTypeParameters>
</Attribute>
<Attribute name="DateReturned" id="CC40AA0F-9C4D-3973-9918-35FBC76DF9E8">
<createdBy>nchhabra</createdBy>
<createdTime>2019-04-11 17:30:34 UTC</createdTime>
<ownerDesignName>Phase 2 Design</ownerDesignName>
<engineerTo>
<item key="63C5A1FC-A655-937A-6AEF-11027BFDA3C5" value="true"/>
</engineerTo>
<nullsAllowed>true</nullsAllowed>
<use>0</use>
<ownDataTypeParameters>,,</ownDataTypeParameters>
</Attribute>
<Attribute name="ProductsReturn" id="F6BB18A0-B74F-5B96-3AC8-C675D12E4515">
<createdBy>nchhabra</createdBy>
<createdTime>2019-04-11 17:30:43 UTC</createdTime>
<ownerDesignName>Phase 2 Design</ownerDesignName>
<engineerTo>
<item key="63C5A1FC-A655-937A-6AEF-11027BFDA3C5" value="true"/>
</engineerTo>
<nullsAllowed>true</nullsAllowed>
<use>0</use>
<ownDataTypeParameters>,,</ownDataTypeParameters>
</Attribute>
<Attribute name="PriceReturned" id="426491D2-3A7C-DE5A-7264-E5F01ACC7407">
<createdBy>nchhabra</createdBy>
<createdTime>2019-04-11 17:30:52 UTC</createdTime>
<ownerDesignName>Phase 2 Design</ownerDesignName>
<engineerTo>
<item key="63C5A1FC-A655-937A-6AEF-11027BFDA3C5" value="true"/>
</engineerTo>
<nullsAllowed>true</nullsAllowed>
<use>0</use>
<ownDataTypeParameters>,,</ownDataTypeParameters>
</Attribute>
<Attribute name="EmployeeID" id="F9D9DBC8-2C69-1D9F-619D-05E3806C4ABE">
<createdBy>nchhabra</createdBy>
<createdTime>2019-04-11 17:41:58 UTC</createdTime>
<generatorID>BAC15AC9-1469-5773-1701-D4845B618676</generatorID>
<ownerDesignName>Phase 2 Design</ownerDesignName>
<engineerTo>
<item key="63C5A1FC-A655-937A-6AEF-11027BFDA3C5" value="true"/>
</engineerTo>
<referedAttribute>4C2DFAC7-67D0-D411-A73A-E5B8A95B0764</referedAttribute>
<use>0</use>
<ownDataTypeParameters>,,</ownDataTypeParameters>
</Attribute>
<Attribute name="InvoiceID" id="62B010C7-B0D2-4C18-AB4D-E78EC92EE92E">
<createdBy>nchhabra</createdBy>
<createdTime>2019-04-11 18:23:26 UTC</createdTime>
<generatorID>81CF0612-98FD-29EE-B0AE-B2F5FC288D48</generatorID>
<ownerDesignName>Phase 2 Design</ownerDesignName>
<engineerTo>
<item key="63C5A1FC-A655-937A-6AEF-11027BFDA3C5" value="true"/>
</engineerTo>
<referedAttribute>4F11378E-03F9-AB5F-6D59-A7F2AF90E34F</referedAttribute>
<use>0</use>
<ownDataTypeParameters>,,</ownDataTypeParameters>
</Attribute>
</attributes>
<identifiers itemClass="oracle.dbtools.crest.model.design.logical.CandidateKey">
<identifier id="237199AE-F58F-05B6-A4BE-490C62EC78A7" name="SALE RETURN PK">
<createdBy>nchhabra</createdBy>
<createdTime>2019-04-11 17:30:35 UTC</createdTime>
<ownerDesignName>Phase 2 Design</ownerDesignName>
<engineerTo>
<item key="63C5A1FC-A655-937A-6AEF-11027BFDA3C5" value="true"/>
</engineerTo>
<pk>true</pk>
<usedAttributes>
<attributeRef>AA5CF6FB-230D-9CC0-F242-22E1059774D5</attributeRef>
</usedAttributes>
</identifier>
</identifiers>
</Entity>