<?xml version = '1.0' encoding = 'UTF-8'?>
<Entity class="oracle.dbtools.crest.model.design.logical.Entity" directorySegmentName="seg_0" id="27B4C1AC-FB31-BB94-2611-4E5C9A6C3C93" name="PURCHASE ORDER">
<createdBy>nchhabra</createdBy>
<createdTime>2019-04-11 17:25:27 UTC</createdTime>
<ownerDesignName>Phase 2 Design</ownerDesignName>
<engineerTo>
<item key="63C5A1FC-A655-937A-6AEF-11027BFDA3C5" value="true"/>
</engineerTo>
<adequatelyNormalized>NO</adequatelyNormalized>
<expectedVolumes>0</expectedVolumes>
<fwdEngineeringStrategyName>Single Table</fwdEngineeringStrategyName>
<growthPercent>0</growthPercent>
<growthType>Year</growthType>
<maxVolumes>9999999</maxVolumes>
<minVolumes>0</minVolumes>
<normalForm>Third</normalForm>
<attributes itemClass="oracle.dbtools.crest.model.design.logical.Attribute">
<Attribute name="PurchaseOrderID" id="47E1BBC2-49DD-3837-2461-585AFD99FEEC">
<createdBy>nchhabra</createdBy>
<createdTime>2019-04-11 17:25:34 UTC</createdTime>
<ownerDesignName>Phase 2 Design</ownerDesignName>
<engineerTo>
<item key="63C5A1FC-A655-937A-6AEF-11027BFDA3C5" value="true"/>
</engineerTo>
<use>0</use>
<ownDataTypeParameters>,,</ownDataTypeParameters>
</Attribute>
<Attribute name="Description" id="BAB71866-5300-18F4-DA3A-A67B92B1132C">
<createdBy>nchhabra</createdBy>
<createdTime>2019-04-11 17:25:50 UTC</createdTime>
<ownerDesignName>Phase 2 Design</ownerDesignName>
<engineerTo>
<item key="63C5A1FC-A655-937A-6AEF-11027BFDA3C5" value="true"/>
</engineerTo>
<nullsAllowed>true</nullsAllowed>
<use>0</use>
<ownDataTypeParameters>,,</ownDataTypeParameters>
</Attribute>
<Attribute name="QuantityOfProducts" id="6332412E-500E-C622-E151-F8B01DB4AD81">
<createdBy>nchhabra</createdBy>
<createdTime>2019-04-11 17:26:07 UTC</createdTime>
<ownerDesignName>Phase 2 Design</ownerDesignName>
<engineerTo>
<item key="63C5A1FC-A655-937A-6AEF-11027BFDA3C5" value="true"/>
</engineerTo>
<nullsAllowed>true</nullsAllowed>
<use>0</use>
<ownDataTypeParameters>,,</ownDataTypeParameters>
</Attribute>
<Attribute name="Date" id="5E232FBF-C01F-635E-CA18-92EF53013125">
<createdBy>nchhabra</createdBy>
<createdTime>2019-04-11 17:26:14 UTC</createdTime>
<ownerDesignName>Phase 2 Design</ownerDesignName>
<engineerTo>
<item key="63C5A1FC-A655-937A-6AEF-11027BFDA3C5" value="true"/>
</engineerTo>
<nullsAllowed>true</nullsAllowed>
<use>0</use>
<ownDataTypeParameters>,,</ownDataTypeParameters>
</Attribute>
<Attribute name="UnitCost" id="49FB3F01-3131-E39F-D24E-9A06EAAB20C0">
<createdBy>nchhabra</createdBy>
<createdTime>2019-04-11 17:26:16 UTC</createdTime>
<ownerDesignName>Phase 2 Design</ownerDesignName>
<engineerTo>
<item key="63C5A1FC-A655-937A-6AEF-11027BFDA3C5" value="true"/>
</engineerTo>
<nullsAllowed>true</nullsAllowed>
<use>0</use>
<ownDataTypeParameters>,,</ownDataTypeParameters>
</Attribute>
<Attribute name="TotalCost" id="D5ABCC55-4349-9080-FFCF-28EC9D56976D">
<createdBy>nchhabra</createdBy>
<createdTime>2019-04-11 17:26:20 UTC</createdTime>
<ownerDesignName>Phase 2 Design</ownerDesignName>
<engineerTo>
<item key="63C5A1FC-A655-937A-6AEF-11027BFDA3C5" value="true"/>
</engineerTo>
<nullsAllowed>true</nullsAllowed>
<use>0</use>
<ownDataTypeParameters>,,</ownDataTypeParameters>
</Attribute>
<Attribute name="EmployeeID" id="2BB4DCD6-214B-71C7-1797-D432496FFB2E">
<createdBy>nchhabra</createdBy>
<createdTime>2019-04-11 17:40:24 UTC</createdTime>
<generatorID>F01E34B3-25E8-18D7-8F67-F8C65774FCF8</generatorID>
<ownerDesignName>Phase 2 Design</ownerDesignName>
<engineerTo>
<item key="63C5A1FC-A655-937A-6AEF-11027BFDA3C5" value="true"/>
</engineerTo>
<referedAttribute>4C2DFAC7-67D0-D411-A73A-E5B8A95B0764</referedAttribute>
<use>0</use>
<ownDataTypeParameters>,,</ownDataTypeParameters>
</Attribute>
<Attribute name="SupplierID" id="F12C8BF5-1C18-5EA7-75CC-9FCF61FDF0AE">
<createdBy>nchhabra</createdBy>
<createdTime>2019-04-11 17:40:34 UTC</createdTime>
<generatorID>EAEDE882-5A24-2F30-44A6-04375EBDEEC0</generatorID>
<ownerDesignName>Phase 2 Design</ownerDesignName>
<engineerTo>
<item key="63C5A1FC-A655-937A-6AEF-11027BFDA3C5" value="true"/>
</engineerTo>
<referedAttribute>7A3B4AF9-845D-F3BE-F659-BB9560A373E8</referedAttribute>
<use>0</use>
<ownDataTypeParameters>,,</ownDataTypeParameters>
</Attribute>
</attributes>
<identifiers itemClass="oracle.dbtools.crest.model.design.logical.CandidateKey">
<identifier id="2F702082-24D8-9A5E-8EBA-1A114789B6AE" name="PURCHASE ORDER PK">
<createdBy>nchhabra</createdBy>
<createdTime>2019-04-11 17:26:00 UTC</createdTime>
<ownerDesignName>Phase 2 Design</ownerDesignName>
<engineerTo>
<item key="63C5A1FC-A655-937A-6AEF-11027BFDA3C5" value="true"/>
</engineerTo>
<pk>true</pk>
<usedAttributes>
<attributeRef>47E1BBC2-49DD-3837-2461-585AFD99FEEC</attributeRef>
</usedAttributes>
</identifier>
</identifiers>
</Entity>