<?xml version = '1.0' encoding = 'UTF-8'?>
<Entity class="oracle.dbtools.crest.model.design.logical.Entity" directorySegmentName="seg_0" id="2AB2CCB4-A6D8-F119-C64D-2CD502F36972" name="DEPARTMENT">
<createdBy>nchhabra</createdBy>
<createdTime>2019-04-11 17:27:42 UTC</createdTime>
<ownerDesignName>Phase 2 Design</ownerDesignName>
<engineerTo>
<item key="63C5A1FC-A655-937A-6AEF-11027BFDA3C5" value="true"/>
</engineerTo>
<adequatelyNormalized>NO</adequatelyNormalized>
<expectedVolumes>0</expectedVolumes>
<fwdEngineeringStrategyName>Single Table</fwdEngineeringStrategyName>
<growthPercent>0</growthPercent>
<growthType>Year</growthType>
<maxVolumes>9999999</maxVolumes>
<minVolumes>0</minVolumes>
<normalForm>Third</normalForm>
<attributes itemClass="oracle.dbtools.crest.model.design.logical.Attribute">
<Attribute name="DepartmentNumber" id="79BBB36B-108E-7CA6-2BDE-8490421BE497">
<createdBy>nchhabra</createdBy>
<createdTime>2019-04-11 17:27:47 UTC</createdTime>
<ownerDesignName>Phase 2 Design</ownerDesignName>
<engineerTo>
<item key="63C5A1FC-A655-937A-6AEF-11027BFDA3C5" value="true"/>
</engineerTo>
<use>0</use>
<ownDataTypeParameters>,,</ownDataTypeParameters>
</Attribute>
<Attribute name="DepartmentDescription" id="19AE8142-6A20-3CA4-56F5-FA07995D7765">
<createdBy>nchhabra</createdBy>
<createdTime>2019-04-11 17:27:53 UTC</createdTime>
<ownerDesignName>Phase 2 Design</ownerDesignName>
<engineerTo>
<item key="63C5A1FC-A655-937A-6AEF-11027BFDA3C5" value="true"/>
</engineerTo>
<nullsAllowed>true</nullsAllowed>
<use>0</use>
<ownDataTypeParameters>,,</ownDataTypeParameters>
</Attribute>
<Attribute name="Size" id="6DA0D55B-4C6F-60A6-D9FC-256E5112E18F">
<createdBy>nchhabra</createdBy>
<createdTime>2019-04-11 17:28:02 UTC</createdTime>
<ownerDesignName>Phase 2 Design</ownerDesignName>
<engineerTo>
<item key="63C5A1FC-A655-937A-6AEF-11027BFDA3C5" value="true"/>
</engineerTo>
<nullsAllowed>true</nullsAllowed>
<use>0</use>
<ownDataTypeParameters>,,</ownDataTypeParameters>
</Attribute>
<Attribute name="Type" id="B44C16E5-633A-B57A-BD9E-8ECFAC83AB49">
<createdBy>nchhabra</createdBy>
<createdTime>2019-04-11 17:28:05 UTC</createdTime>
<ownerDesignName>Phase 2 Design</ownerDesignName>
<engineerTo>
<item key="63C5A1FC-A655-937A-6AEF-11027BFDA3C5" value="true"/>
</engineerTo>
<nullsAllowed>true</nullsAllowed>
<use>0</use>
<ownDataTypeParameters>,,</ownDataTypeParameters>
</Attribute>
<Attribute name="DepartmentRating" id="8ABD24B2-6070-1D87-5EDA-E1F744DA5411">
<createdBy>nchhabra</createdBy>
<createdTime>2019-04-11 17:28:07 UTC</createdTime>
<ownerDesignName>Phase 2 Design</ownerDesignName>
<engineerTo>
<item key="63C5A1FC-A655-937A-6AEF-11027BFDA3C5" value="true"/>
</engineerTo>
<nullsAllowed>true</nullsAllowed>
<use>0</use>
<ownDataTypeParameters>,,</ownDataTypeParameters>
</Attribute>
<Attribute name="NumberOfEmployees" id="E34F4FDF-3179-6DC6-66E9-8147C637DB74">
<createdBy>nchhabra</createdBy>
<createdTime>2019-04-11 17:28:14 UTC</createdTime>
<ownerDesignName>Phase 2 Design</ownerDesignName>
<engineerTo>
<item key="63C5A1FC-A655-937A-6AEF-11027BFDA3C5" value="true"/>
</engineerTo>
<nullsAllowed>true</nullsAllowed>
<use>0</use>
<ownDataTypeParameters>,,</ownDataTypeParameters>
</Attribute>
<Attribute name="Specialization" id="E6888EDB-A388-6C62-5CFE-CE70308808CE">
<createdBy>nchhabra</createdBy>
<createdTime>2019-04-11 17:28:19 UTC</createdTime>
<ownerDesignName>Phase 2 Design</ownerDesignName>
<engineerTo>
<item key="63C5A1FC-A655-937A-6AEF-11027BFDA3C5" value="true"/>
</engineerTo>
<nullsAllowed>true</nullsAllowed>
<use>0</use>
<ownDataTypeParameters>,,</ownDataTypeParameters>
</Attribute>
</attributes>
<identifiers itemClass="oracle.dbtools.crest.model.design.logical.CandidateKey">
<identifier id="B77A7CEF-246E-6722-0062-10183A4A1CD4" name="DEPARTMENT PK">
<createdBy>nchhabra</createdBy>
<createdTime>2019-04-11 17:27:52 UTC</createdTime>
<ownerDesignName>Phase 2 Design</ownerDesignName>
<engineerTo>
<item key="63C5A1FC-A655-937A-6AEF-11027BFDA3C5" value="true"/>
</engineerTo>
<pk>true</pk>
<usedAttributes>
<attributeRef>79BBB36B-108E-7CA6-2BDE-8490421BE497</attributeRef>
</usedAttributes>
</identifier>
</identifiers>
</Entity>