<?xml version = '1.0' encoding = 'UTF-8'?>
<Entity class="oracle.dbtools.crest.model.design.logical.Entity" directorySegmentName="seg_0" id="5876FC52-4D9B-13C6-DE79-52912241725C" name="PAYMENT RECEIPT">
<createdBy>nchhabra</createdBy>
<createdTime>2019-04-11 17:20:36 UTC</createdTime>
<ownerDesignName>Phase 2 Design</ownerDesignName>
<engineerTo>
<item key="63C5A1FC-A655-937A-6AEF-11027BFDA3C5" value="true"/>
</engineerTo>
<adequatelyNormalized>NO</adequatelyNormalized>
<expectedVolumes>0</expectedVolumes>
<fwdEngineeringStrategyName>Single Table</fwdEngineeringStrategyName>
<growthPercent>0</growthPercent>
<growthType>Year</growthType>
<maxVolumes>9999999</maxVolumes>
<minVolumes>0</minVolumes>
<normalForm>Third</normalForm>
<attributes itemClass="oracle.dbtools.crest.model.design.logical.Attribute">
<Attribute name="PaymentRecieptID" id="06F48572-4846-D3F8-2BBF-67F42E92BF8D">
<createdBy>nchhabra</createdBy>
<createdTime>2019-04-11 17:20:56 UTC</createdTime>
<ownerDesignName>Phase 2 Design</ownerDesignName>
<engineerTo>
<item key="63C5A1FC-A655-937A-6AEF-11027BFDA3C5" value="true"/>
</engineerTo>
<use>0</use>
<ownDataTypeParameters>,,</ownDataTypeParameters>
</Attribute>
<Attribute name="TypeOfPayment" id="2AC7B4A8-3025-6440-FEC0-8E0A699BCF7B">
<createdBy>nchhabra</createdBy>
<createdTime>2019-04-11 17:21:06 UTC</createdTime>
<ownerDesignName>Phase 2 Design</ownerDesignName>
<engineerTo>
<item key="63C5A1FC-A655-937A-6AEF-11027BFDA3C5" value="true"/>
</engineerTo>
<nullsAllowed>true</nullsAllowed>
<use>0</use>
<ownDataTypeParameters>,,</ownDataTypeParameters>
</Attribute>
<Attribute name="AmountPaid" id="7F2B8F59-1F21-FAAE-6E75-662A16B145F8">
<createdBy>nchhabra</createdBy>
<createdTime>2019-04-11 17:21:14 UTC</createdTime>
<ownerDesignName>Phase 2 Design</ownerDesignName>
<engineerTo>
<item key="63C5A1FC-A655-937A-6AEF-11027BFDA3C5" value="true"/>
</engineerTo>
<nullsAllowed>true</nullsAllowed>
<use>0</use>
<ownDataTypeParameters>,,</ownDataTypeParameters>
</Attribute>
<Attribute name="DatePaid" id="04CAC41F-0EFC-89C3-19AA-2CACCA47DF26">
<createdBy>nchhabra</createdBy>
<createdTime>2019-04-11 17:21:18 UTC</createdTime>
<ownerDesignName>Phase 2 Design</ownerDesignName>
<engineerTo>
<item key="63C5A1FC-A655-937A-6AEF-11027BFDA3C5" value="true"/>
</engineerTo>
<nullsAllowed>true</nullsAllowed>
<use>0</use>
<ownDataTypeParameters>,,</ownDataTypeParameters>
</Attribute>
<Attribute name="EmployeeID" id="EC90383C-1CD4-6FD6-2043-CD1C778A1953">
<createdBy>nchhabra</createdBy>
<createdTime>2019-04-11 17:40:14 UTC</createdTime>
<generatorID>7E07CDD6-B8F6-65A7-15BA-D7BDECA78CCC</generatorID>
<ownerDesignName>Phase 2 Design</ownerDesignName>
<engineerTo>
<item key="63C5A1FC-A655-937A-6AEF-11027BFDA3C5" value="true"/>
</engineerTo>
<referedAttribute>4C2DFAC7-67D0-D411-A73A-E5B8A95B0764</referedAttribute>
<use>0</use>
<ownDataTypeParameters>,,</ownDataTypeParameters>
</Attribute>
</attributes>
<identifiers itemClass="oracle.dbtools.crest.model.design.logical.CandidateKey">
<identifier id="E7C9F921-2496-0202-6ED9-53E788357D0A" name="PAYMENT RECEIPT PK">
<createdBy>nchhabra</createdBy>
<createdTime>2019-04-11 17:21:05 UTC</createdTime>
<ownerDesignName>Phase 2 Design</ownerDesignName>
<engineerTo>
<item key="63C5A1FC-A655-937A-6AEF-11027BFDA3C5" value="true"/>
</engineerTo>
<pk>true</pk>
<usedAttributes>
<attributeRef>06F48572-4846-D3F8-2BBF-67F42E92BF8D</attributeRef>
</usedAttributes>
</identifier>
</identifiers>
</Entity>