<?xml version = '1.0' encoding = 'UTF-8'?>
<Entity class="oracle.dbtools.crest.model.design.logical.Entity" directorySegmentName="seg_0" id="6F3ABDD3-CEC6-126B-7718-7956B623FCD7" name="INVOICE">
<createdBy>nchhabra</createdBy>
<createdTime>2019-04-11 17:31:15 UTC</createdTime>
<ownerDesignName>Phase 2 Design</ownerDesignName>
<engineerTo>
<item key="63C5A1FC-A655-937A-6AEF-11027BFDA3C5" value="true"/>
</engineerTo>
<adequatelyNormalized>NO</adequatelyNormalized>
<expectedVolumes>0</expectedVolumes>
<fwdEngineeringStrategyName>Single Table</fwdEngineeringStrategyName>
<growthPercent>0</growthPercent>
<growthType>Year</growthType>
<maxVolumes>9999999</maxVolumes>
<minVolumes>0</minVolumes>
<normalForm>Third</normalForm>
<attributes itemClass="oracle.dbtools.crest.model.design.logical.Attribute">
<Attribute name="InvoiceID" id="4F11378E-03F9-AB5F-6D59-A7F2AF90E34F">
<createdBy>nchhabra</createdBy>
<createdTime>2019-04-11 17:31:23 UTC</createdTime>
<ownerDesignName>Phase 2 Design</ownerDesignName>
<engineerTo>
<item key="63C5A1FC-A655-937A-6AEF-11027BFDA3C5" value="true"/>
</engineerTo>
<use>0</use>
<ownDataTypeParameters>,,</ownDataTypeParameters>
</Attribute>
<Attribute name="AmountToBePaid" id="A983A358-D17A-6FF5-E047-E653D7635518">
<createdBy>nchhabra</createdBy>
<createdTime>2019-04-11 17:31:35 UTC</createdTime>
<ownerDesignName>Phase 2 Design</ownerDesignName>
<engineerTo>
<item key="63C5A1FC-A655-937A-6AEF-11027BFDA3C5" value="true"/>
</engineerTo>
<nullsAllowed>true</nullsAllowed>
<use>0</use>
<ownDataTypeParameters>,,</ownDataTypeParameters>
</Attribute>
<Attribute name="Description" id="BFAE10C5-8CBC-8025-2DF0-197BA789A469">
<createdBy>nchhabra</createdBy>
<createdTime>2019-04-11 17:31:46 UTC</createdTime>
<ownerDesignName>Phase 2 Design</ownerDesignName>
<engineerTo>
<item key="63C5A1FC-A655-937A-6AEF-11027BFDA3C5" value="true"/>
</engineerTo>
<nullsAllowed>true</nullsAllowed>
<use>0</use>
<ownDataTypeParameters>,,</ownDataTypeParameters>
</Attribute>
<Attribute name="Date" id="DE46D2FD-8424-88EC-7E31-6A4145268EA9">
<createdBy>nchhabra</createdBy>
<createdTime>2019-04-11 17:31:53 UTC</createdTime>
<ownerDesignName>Phase 2 Design</ownerDesignName>
<engineerTo>
<item key="63C5A1FC-A655-937A-6AEF-11027BFDA3C5" value="true"/>
</engineerTo>
<nullsAllowed>true</nullsAllowed>
<use>0</use>
<ownDataTypeParameters>,,</ownDataTypeParameters>
</Attribute>
<Attribute name="InvoiceOwner" id="E4B920A8-BD39-BDAB-9C97-9EC73577AA32">
<createdBy>nchhabra</createdBy>
<createdTime>2019-04-11 17:31:59 UTC</createdTime>
<ownerDesignName>Phase 2 Design</ownerDesignName>
<engineerTo>
<item key="63C5A1FC-A655-937A-6AEF-11027BFDA3C5" value="true"/>
</engineerTo>
<nullsAllowed>true</nullsAllowed>
<use>0</use>
<ownDataTypeParameters>,,</ownDataTypeParameters>
</Attribute>
<Attribute name="EmployeeID" id="14F4C458-6530-0C41-7DD0-2368C28392DE">
<createdBy>nchhabra</createdBy>
<createdTime>2019-04-11 17:42:16 UTC</createdTime>
<generatorID>CDA1C1E7-1C36-0973-3B4E-623686FBB603</generatorID>
<ownerDesignName>Phase 2 Design</ownerDesignName>
<engineerTo>
<item key="63C5A1FC-A655-937A-6AEF-11027BFDA3C5" value="true"/>
</engineerTo>
<referedAttribute>4C2DFAC7-67D0-D411-A73A-E5B8A95B0764</referedAttribute>
<use>0</use>
<ownDataTypeParameters>,,</ownDataTypeParameters>
</Attribute>
<Attribute name="ClientID" id="389BC52D-02BC-CCBE-62B4-5579FB4A7E5A">
<createdBy>nchhabra</createdBy>
<createdTime>2019-04-11 18:25:49 UTC</createdTime>
<generatorID>90DF31DF-678E-9A20-7DEF-4AEE790D639F</generatorID>
<ownerDesignName>Phase 2 Design</ownerDesignName>
<engineerTo>
<item key="63C5A1FC-A655-937A-6AEF-11027BFDA3C5" value="true"/>
</engineerTo>
<referedAttribute>A71CF391-08E2-2A6C-012F-587375C48D7D</referedAttribute>
<use>0</use>
<ownDataTypeParameters>,,</ownDataTypeParameters>
</Attribute>
</attributes>
<identifiers itemClass="oracle.dbtools.crest.model.design.logical.CandidateKey">
<identifier id="22616389-E5B7-4E2A-07B7-D0675D960764" name="INVOICE PK">
<createdBy>nchhabra</createdBy>
<createdTime>2019-04-11 17:37:32 UTC</createdTime>
<ownerDesignName>Phase 2 Design</ownerDesignName>
<engineerTo>
<item key="63C5A1FC-A655-937A-6AEF-11027BFDA3C5" value="true"/>
</engineerTo>
<pk>true</pk>
<usedAttributes>
<attributeRef>4F11378E-03F9-AB5F-6D59-A7F2AF90E34F</attributeRef>
</usedAttributes>
</identifier>
</identifiers>
</Entity>