<?xml version = '1.0' encoding = 'UTF-8'?>
<Entity class="oracle.dbtools.crest.model.design.logical.Entity" directorySegmentName="seg_0" id="85FDC51E-D6AF-6862-037E-7D7B154F8598" name="ORDERITEM">
<createdBy>nchhabra</createdBy>
<createdTime>2019-04-11 17:36:22 UTC</createdTime>
<ownerDesignName>Phase 2 Design</ownerDesignName>
<engineerTo>
<item key="63C5A1FC-A655-937A-6AEF-11027BFDA3C5" value="true"/>
</engineerTo>
<adequatelyNormalized>NO</adequatelyNormalized>
<expectedVolumes>0</expectedVolumes>
<fwdEngineeringStrategyName>Single Table</fwdEngineeringStrategyName>
<growthPercent>0</growthPercent>
<growthType>Year</growthType>
<maxVolumes>9999999</maxVolumes>
<minVolumes>0</minVolumes>
<normalForm>Third</normalForm>
<attributes itemClass="oracle.dbtools.crest.model.design.logical.Attribute">
<Attribute name="ItemName" id="19BC2024-3D39-ADD2-1A54-1F7EB24B89B1">
<createdBy>nchhabra</createdBy>
<createdTime>2019-04-11 17:36:34 UTC</createdTime>
<ownerDesignName>Phase 2 Design</ownerDesignName>
<engineerTo>
<item key="63C5A1FC-A655-937A-6AEF-11027BFDA3C5" value="true"/>
</engineerTo>
<nullsAllowed>true</nullsAllowed>
<use>0</use>
<ownDataTypeParameters>,,</ownDataTypeParameters>
</Attribute>
<Attribute name="DescritpionOfItem" id="3FCB4B47-1AE5-F03D-67BD-CDF07048B81C">
<createdBy>nchhabra</createdBy>
<createdTime>2019-04-11 17:36:38 UTC</createdTime>
<ownerDesignName>Phase 2 Design</ownerDesignName>
<engineerTo>
<item key="63C5A1FC-A655-937A-6AEF-11027BFDA3C5" value="true"/>
</engineerTo>
<nullsAllowed>true</nullsAllowed>
<use>0</use>
<ownDataTypeParameters>,,</ownDataTypeParameters>
</Attribute>
<Attribute name="Popularity" id="2BB4DBF5-DE81-4B58-F631-6DCA52AB033A">
<createdBy>nchhabra</createdBy>
<createdTime>2019-04-11 17:36:44 UTC</createdTime>
<ownerDesignName>Phase 2 Design</ownerDesignName>
<engineerTo>
<item key="63C5A1FC-A655-937A-6AEF-11027BFDA3C5" value="true"/>
</engineerTo>
<nullsAllowed>true</nullsAllowed>
<use>0</use>
<ownDataTypeParameters>,,</ownDataTypeParameters>
</Attribute>
<Attribute name="PriceOfItem" id="775E7C67-A03A-D5AE-E9B4-D7F872414CB9">
<createdBy>nchhabra</createdBy>
<createdTime>2019-04-11 17:36:48 UTC</createdTime>
<ownerDesignName>Phase 2 Design</ownerDesignName>
<engineerTo>
<item key="63C5A1FC-A655-937A-6AEF-11027BFDA3C5" value="true"/>
</engineerTo>
<nullsAllowed>true</nullsAllowed>
<use>0</use>
<ownDataTypeParameters>,,</ownDataTypeParameters>
</Attribute>
<Attribute name="SaleOrderID" id="A30EFF0A-8D2D-D230-689F-E7C3775BF6CA">
<createdBy>nchhabra</createdBy>
<createdTime>2019-04-11 17:53:44 UTC</createdTime>
<generatorID>FAAE5AA8-5B0B-CA8D-1336-1957F2C74071</generatorID>
<ownerDesignName>Phase 2 Design</ownerDesignName>
<engineerTo>
<item key="63C5A1FC-A655-937A-6AEF-11027BFDA3C5" value="true"/>
</engineerTo>
<referedAttribute>6603816F-CF9C-F249-85F1-4990CD59B712</referedAttribute>
<use>0</use>
<ownDataTypeParameters>,,</ownDataTypeParameters>
</Attribute>
<Attribute name="InventoryID" id="0D2A8FD0-A184-0638-5F69-74DC080887EE">
<createdBy>nchhabra</createdBy>
<createdTime>2019-04-11 17:53:51 UTC</createdTime>
<generatorID>468AC2CF-D6F9-6C8C-C8EC-9DBB34764B0C</generatorID>
<ownerDesignName>Phase 2 Design</ownerDesignName>
<engineerTo>
<item key="63C5A1FC-A655-937A-6AEF-11027BFDA3C5" value="true"/>
</engineerTo>
<referedAttribute>43C0B76A-F9BF-3822-40BF-439615800B03</referedAttribute>
<use>0</use>
<ownDataTypeParameters>,,</ownDataTypeParameters>
</Attribute>
</attributes>
<identifiers itemClass="oracle.dbtools.crest.model.design.logical.CandidateKey">
<identifier id="21E29197-282C-A0DF-FFF6-64E274D670FB" name="ORDERITEM PK">
<createdBy>nchhabra</createdBy>
<createdTime>2019-04-11 17:53:44 UTC</createdTime>
<ownerDesignName>Phase 2 Design</ownerDesignName>
<engineerTo>
<item key="63C5A1FC-A655-937A-6AEF-11027BFDA3C5" value="true"/>
</engineerTo>
<pk>true</pk>
<usedAttributes>
<attributeRef>A30EFF0A-8D2D-D230-689F-E7C3775BF6CA</attributeRef>
<attributeRef>0D2A8FD0-A184-0638-5F69-74DC080887EE</attributeRef>
</usedAttributes>
</identifier>
</identifiers>
</Entity>