<?xml version = '1.0' encoding = 'UTF-8'?>
<Entity class="oracle.dbtools.crest.model.design.logical.Entity" directorySegmentName="seg_0" id="903206C3-42FF-1CAE-C298-646A8AB4875B" name="BANK">
<createdBy>nchhabra</createdBy>
<createdTime>2019-04-11 17:23:46 UTC</createdTime>
<ownerDesignName>Phase 2 Design</ownerDesignName>
<engineerTo>
<item key="63C5A1FC-A655-937A-6AEF-11027BFDA3C5" value="true"/>
</engineerTo>
<adequatelyNormalized>NO</adequatelyNormalized>
<expectedVolumes>0</expectedVolumes>
<fwdEngineeringStrategyName>Single Table</fwdEngineeringStrategyName>
<growthPercent>0</growthPercent>
<growthType>Year</growthType>
<maxVolumes>9999999</maxVolumes>
<minVolumes>0</minVolumes>
<normalForm>Third</normalForm>
<attributes itemClass="oracle.dbtools.crest.model.design.logical.Attribute">
<Attribute name="BankAccountNumber" id="4C463CD5-5FA6-2012-4C43-D6A69C696F95">
<createdBy>nchhabra</createdBy>
<createdTime>2019-04-11 17:23:51 UTC</createdTime>
<ownerDesignName>Phase 2 Design</ownerDesignName>
<engineerTo>
<item key="63C5A1FC-A655-937A-6AEF-11027BFDA3C5" value="true"/>
</engineerTo>
<use>0</use>
<ownDataTypeParameters>,,</ownDataTypeParameters>
</Attribute>
<Attribute name="BankName" id="5135CB41-D7AF-BA33-D87E-F081CF62EF89">
<createdBy>nchhabra</createdBy>
<createdTime>2019-04-11 17:23:59 UTC</createdTime>
<ownerDesignName>Phase 2 Design</ownerDesignName>
<engineerTo>
<item key="63C5A1FC-A655-937A-6AEF-11027BFDA3C5" value="true"/>
</engineerTo>
<nullsAllowed>true</nullsAllowed>
<use>0</use>
<ownDataTypeParameters>,,</ownDataTypeParameters>
</Attribute>
<Attribute name="StreetAddress" id="26302471-27FF-F480-BD28-3C252610D043">
<createdBy>nchhabra</createdBy>
<createdTime>2019-04-11 17:24:03 UTC</createdTime>
<ownerDesignName>Phase 2 Design</ownerDesignName>
<engineerTo>
<item key="63C5A1FC-A655-937A-6AEF-11027BFDA3C5" value="true"/>
</engineerTo>
<nullsAllowed>true</nullsAllowed>
<use>0</use>
<ownDataTypeParameters>,,</ownDataTypeParameters>
</Attribute>
<Attribute name="City" id="BC2768C5-E3F1-9528-8C9A-BBCB55F0DC74">
<createdBy>nchhabra</createdBy>
<createdTime>2019-04-11 17:24:09 UTC</createdTime>
<ownerDesignName>Phase 2 Design</ownerDesignName>
<engineerTo>
<item key="63C5A1FC-A655-937A-6AEF-11027BFDA3C5" value="true"/>
</engineerTo>
<nullsAllowed>true</nullsAllowed>
<use>0</use>
<ownDataTypeParameters>,,</ownDataTypeParameters>
</Attribute>
<Attribute name="State" id="31D76CCC-7153-0EC1-4A2A-B66DE5F91870">
<createdBy>nchhabra</createdBy>
<createdTime>2019-04-11 17:24:12 UTC</createdTime>
<ownerDesignName>Phase 2 Design</ownerDesignName>
<engineerTo>
<item key="63C5A1FC-A655-937A-6AEF-11027BFDA3C5" value="true"/>
</engineerTo>
<nullsAllowed>true</nullsAllowed>
<use>0</use>
<ownDataTypeParameters>,,</ownDataTypeParameters>
</Attribute>
<Attribute name="Zipcode" id="65403797-58AB-7FCA-5CC7-78E2583C5365">
<createdBy>nchhabra</createdBy>
<createdTime>2019-04-11 17:24:15 UTC</createdTime>
<ownerDesignName>Phase 2 Design</ownerDesignName>
<engineerTo>
<item key="63C5A1FC-A655-937A-6AEF-11027BFDA3C5" value="true"/>
</engineerTo>
<nullsAllowed>true</nullsAllowed>
<use>0</use>
<ownDataTypeParameters>,,</ownDataTypeParameters>
</Attribute>
</attributes>
<identifiers itemClass="oracle.dbtools.crest.model.design.logical.CandidateKey">
<identifier id="F6D52955-0CD1-04C9-A4A9-2A95F685ABDC" name="BANK PK">
<createdBy>nchhabra</createdBy>
<createdTime>2019-04-11 17:37:25 UTC</createdTime>
<ownerDesignName>Phase 2 Design</ownerDesignName>
<engineerTo>
<item key="63C5A1FC-A655-937A-6AEF-11027BFDA3C5" value="true"/>
</engineerTo>
<pk>true</pk>
<usedAttributes>
<attributeRef>4C463CD5-5FA6-2012-4C43-D6A69C696F95</attributeRef>
</usedAttributes>
</identifier>
</identifiers>
</Entity>