<?xml version = '1.0' encoding = 'UTF-8'?>
<Entity class="oracle.dbtools.crest.model.design.logical.Entity" directorySegmentName="seg_0" id="A8671F43-C39D-3459-71A6-B9C83117C7EE" name="SALESORDER">
<createdBy>nchhabra</createdBy>
<createdTime>2019-04-11 17:34:50 UTC</createdTime>
<ownerDesignName>Phase 2 Design</ownerDesignName>
<engineerTo>
<item key="63C5A1FC-A655-937A-6AEF-11027BFDA3C5" value="true"/>
</engineerTo>
<adequatelyNormalized>NO</adequatelyNormalized>
<expectedVolumes>0</expectedVolumes>
<fwdEngineeringStrategyName>Single Table</fwdEngineeringStrategyName>
<growthPercent>0</growthPercent>
<growthType>Year</growthType>
<maxVolumes>9999999</maxVolumes>
<minVolumes>0</minVolumes>
<normalForm>Third</normalForm>
<attributes itemClass="oracle.dbtools.crest.model.design.logical.Attribute">
<Attribute name="SaleOrderID" id="6603816F-CF9C-F249-85F1-4990CD59B712">
<createdBy>nchhabra</createdBy>
<createdTime>2019-04-11 17:34:56 UTC</createdTime>
<ownerDesignName>Phase 2 Design</ownerDesignName>
<engineerTo>
<item key="63C5A1FC-A655-937A-6AEF-11027BFDA3C5" value="true"/>
</engineerTo>
<use>0</use>
<ownDataTypeParameters>,,</ownDataTypeParameters>
</Attribute>
<Attribute name="SaleOrderDescription" id="345C6FEC-5EA8-27B5-76A0-E34944DF895B">
<createdBy>nchhabra</createdBy>
<createdTime>2019-04-11 17:35:04 UTC</createdTime>
<ownerDesignName>Phase 2 Design</ownerDesignName>
<engineerTo>
<item key="63C5A1FC-A655-937A-6AEF-11027BFDA3C5" value="true"/>
</engineerTo>
<nullsAllowed>true</nullsAllowed>
<use>0</use>
<ownDataTypeParameters>,,</ownDataTypeParameters>
</Attribute>
<Attribute name="Date" id="D7870AAE-66C4-0556-3D63-51CFD6A6F739">
<createdBy>nchhabra</createdBy>
<createdTime>2019-04-11 17:35:12 UTC</createdTime>
<ownerDesignName>Phase 2 Design</ownerDesignName>
<engineerTo>
<item key="63C5A1FC-A655-937A-6AEF-11027BFDA3C5" value="true"/>
</engineerTo>
<nullsAllowed>true</nullsAllowed>
<use>0</use>
<ownDataTypeParameters>,,</ownDataTypeParameters>
</Attribute>
<Attribute name="Discount" id="C8600863-01E3-944D-A872-F2ABF31FAF8C">
<createdBy>nchhabra</createdBy>
<createdTime>2019-04-11 17:35:14 UTC</createdTime>
<ownerDesignName>Phase 2 Design</ownerDesignName>
<engineerTo>
<item key="63C5A1FC-A655-937A-6AEF-11027BFDA3C5" value="true"/>
</engineerTo>
<nullsAllowed>true</nullsAllowed>
<use>0</use>
<ownDataTypeParameters>,,</ownDataTypeParameters>
</Attribute>
<Attribute name="Cost" id="9C3B69E4-4512-86C5-F242-19FBBB8786A7">
<createdBy>nchhabra</createdBy>
<createdTime>2019-04-11 17:35:17 UTC</createdTime>
<ownerDesignName>Phase 2 Design</ownerDesignName>
<engineerTo>
<item key="63C5A1FC-A655-937A-6AEF-11027BFDA3C5" value="true"/>
</engineerTo>
<nullsAllowed>true</nullsAllowed>
<use>0</use>
<ownDataTypeParameters>,,</ownDataTypeParameters>
</Attribute>
<Attribute name="ClientID" id="78EFA883-C9B7-F97E-8495-BD3A7E67E661">
<createdBy>nchhabra</createdBy>
<createdTime>2019-04-11 17:53:13 UTC</createdTime>
<generatorID>43B42FCD-5569-978F-7427-FA72F1C3327E</generatorID>
<ownerDesignName>Phase 2 Design</ownerDesignName>
<engineerTo>
<item key="63C5A1FC-A655-937A-6AEF-11027BFDA3C5" value="true"/>
</engineerTo>
<referedAttribute>A71CF391-08E2-2A6C-012F-587375C48D7D</referedAttribute>
<use>0</use>
<ownDataTypeParameters>,,</ownDataTypeParameters>
</Attribute>
</attributes>
<identifiers itemClass="oracle.dbtools.crest.model.design.logical.CandidateKey">
<identifier id="1727DECE-6053-9019-D8D1-6D5B966FDD0E" name="SALESORDER PK">
<createdBy>nchhabra</createdBy>
<createdTime>2019-04-11 17:35:03 UTC</createdTime>
<ownerDesignName>Phase 2 Design</ownerDesignName>
<engineerTo>
<item key="63C5A1FC-A655-937A-6AEF-11027BFDA3C5" value="true"/>
</engineerTo>
<pk>true</pk>
<usedAttributes>
<attributeRef>6603816F-CF9C-F249-85F1-4990CD59B712</attributeRef>
</usedAttributes>
</identifier>
</identifiers>
</Entity>