<?xml version = '1.0' encoding = 'UTF-8'?>
<Entity class="oracle.dbtools.crest.model.design.logical.Entity" directorySegmentName="seg_0" id="AD088E98-ABAD-B77E-2E22-DAEAFAA5396E" name="PAYMENT">
<createdBy>nchhabra</createdBy>
<createdTime>2019-04-11 17:32:31 UTC</createdTime>
<ownerDesignName>Phase 2 Design</ownerDesignName>
<engineerTo>
<item key="63C5A1FC-A655-937A-6AEF-11027BFDA3C5" value="true"/>
</engineerTo>
<adequatelyNormalized>NO</adequatelyNormalized>
<expectedVolumes>0</expectedVolumes>
<fwdEngineeringStrategyName>Single Table</fwdEngineeringStrategyName>
<growthPercent>0</growthPercent>
<growthType>Year</growthType>
<maxVolumes>9999999</maxVolumes>
<minVolumes>0</minVolumes>
<normalForm>Third</normalForm>
<attributes itemClass="oracle.dbtools.crest.model.design.logical.Attribute">
<Attribute name="PaymentType" id="86F435E0-2EE4-2451-F93B-17633A4FBF7E">
<createdBy>nchhabra</createdBy>
<createdTime>2019-04-11 17:32:42 UTC</createdTime>
<ownerDesignName>Phase 2 Design</ownerDesignName>
<engineerTo>
<item key="63C5A1FC-A655-937A-6AEF-11027BFDA3C5" value="true"/>
</engineerTo>
<nullsAllowed>true</nullsAllowed>
<use>0</use>
<ownDataTypeParameters>,,</ownDataTypeParameters>
</Attribute>
<Attribute name="PaymentAmount" id="C5B6FB11-54A5-FE19-82AA-F48289216D44">
<createdBy>nchhabra</createdBy>
<createdTime>2019-04-11 17:32:48 UTC</createdTime>
<ownerDesignName>Phase 2 Design</ownerDesignName>
<engineerTo>
<item key="63C5A1FC-A655-937A-6AEF-11027BFDA3C5" value="true"/>
</engineerTo>
<nullsAllowed>true</nullsAllowed>
<use>0</use>
<ownDataTypeParameters>,,</ownDataTypeParameters>
</Attribute>
<Attribute name="PaymentDate" id="FA6EE276-255A-E6E8-A6DF-21F43004E139">
<createdBy>nchhabra</createdBy>
<createdTime>2019-04-11 17:33:00 UTC</createdTime>
<ownerDesignName>Phase 2 Design</ownerDesignName>
<engineerTo>
<item key="63C5A1FC-A655-937A-6AEF-11027BFDA3C5" value="true"/>
</engineerTo>
<nullsAllowed>true</nullsAllowed>
<use>0</use>
<ownDataTypeParameters>,,</ownDataTypeParameters>
</Attribute>
<Attribute name="PaymentDescirption" id="883674F8-0409-B549-6CB2-6AA337E3666C">
<createdBy>nchhabra</createdBy>
<createdTime>2019-04-11 17:33:04 UTC</createdTime>
<ownerDesignName>Phase 2 Design</ownerDesignName>
<engineerTo>
<item key="63C5A1FC-A655-937A-6AEF-11027BFDA3C5" value="true"/>
</engineerTo>
<nullsAllowed>true</nullsAllowed>
<use>0</use>
<ownDataTypeParameters>,,</ownDataTypeParameters>
</Attribute>
<Attribute name="PaymentTo" id="36438D90-32B8-0317-B39D-C97A1A66B1D5">
<createdBy>nchhabra</createdBy>
<createdTime>2019-04-11 17:33:09 UTC</createdTime>
<ownerDesignName>Phase 2 Design</ownerDesignName>
<engineerTo>
<item key="63C5A1FC-A655-937A-6AEF-11027BFDA3C5" value="true"/>
</engineerTo>
<nullsAllowed>true</nullsAllowed>
<use>0</use>
<ownDataTypeParameters>,,</ownDataTypeParameters>
</Attribute>
<Attribute name="EmployeeID" id="1FE8CDFF-3449-7BE4-5B05-97B031D94BEE">
<createdBy>nchhabra</createdBy>
<createdTime>2019-04-11 17:42:29 UTC</createdTime>
<generatorID>83B01A09-6EA3-0DCE-9B15-2753C744FC24</generatorID>
<ownerDesignName>Phase 2 Design</ownerDesignName>
<engineerTo>
<item key="63C5A1FC-A655-937A-6AEF-11027BFDA3C5" value="true"/>
</engineerTo>
<referedAttribute>4C2DFAC7-67D0-D411-A73A-E5B8A95B0764</referedAttribute>
<use>0</use>
<ownDataTypeParameters>,,</ownDataTypeParameters>
</Attribute>
<Attribute name="ClientID" id="CF25C975-D716-8D3A-9973-BF2E2C8350B6">
<createdBy>nchhabra</createdBy>
<createdTime>2019-04-11 18:05:26 UTC</createdTime>
<generatorID>BDB761CA-C0EA-2F34-29EB-96323CB3E549</generatorID>
<ownerDesignName>Phase 2 Design</ownerDesignName>
<engineerTo>
<item key="63C5A1FC-A655-937A-6AEF-11027BFDA3C5" value="true"/>
</engineerTo>
<referedAttribute>A71CF391-08E2-2A6C-012F-587375C48D7D</referedAttribute>
<use>0</use>
<ownDataTypeParameters>,,</ownDataTypeParameters>
</Attribute>
</attributes>
<identifiers itemClass="oracle.dbtools.crest.model.design.logical.CandidateKey">
<identifier id="0C0596CF-137F-1617-143B-33A4AD565D83" name="PAYMENT PK">
<createdBy>nchhabra</createdBy>
<createdTime>2019-04-11 17:32:47 UTC</createdTime>
<ownerDesignName>Phase 2 Design</ownerDesignName>
<engineerTo>
<item key="63C5A1FC-A655-937A-6AEF-11027BFDA3C5" value="true"/>
</engineerTo>
<pk>true</pk>
<usedAttributes>
<attributeRef>1FE8CDFF-3449-7BE4-5B05-97B031D94BEE</attributeRef>
<attributeRef>CF25C975-D716-8D3A-9973-BF2E2C8350B6</attributeRef>
</usedAttributes>
</identifier>
</identifiers>
</Entity>