<?xml version = '1.0' encoding = 'UTF-8'?>
<Entity class="oracle.dbtools.crest.model.design.logical.Entity" directorySegmentName="seg_0" id="B33CD92E-D1C9-5922-B177-E607A46535F7" name="EMPLOYEE">
<createdBy>nchhabra</createdBy>
<createdTime>2019-04-11 17:24:30 UTC</createdTime>
<ownerDesignName>Phase 2 Design</ownerDesignName>
<engineerTo>
<item key="63C5A1FC-A655-937A-6AEF-11027BFDA3C5" value="true"/>
</engineerTo>
<adequatelyNormalized>NO</adequatelyNormalized>
<expectedVolumes>0</expectedVolumes>
<fwdEngineeringStrategyName>Single Table</fwdEngineeringStrategyName>
<growthPercent>0</growthPercent>
<growthType>Year</growthType>
<maxVolumes>9999999</maxVolumes>
<minVolumes>0</minVolumes>
<normalForm>Third</normalForm>
<attributes itemClass="oracle.dbtools.crest.model.design.logical.Attribute">
<Attribute name="EmployeeID" id="4C2DFAC7-67D0-D411-A73A-E5B8A95B0764">
<createdBy>nchhabra</createdBy>
<createdTime>2019-04-11 17:24:38 UTC</createdTime>
<ownerDesignName>Phase 2 Design</ownerDesignName>
<engineerTo>
<item key="63C5A1FC-A655-937A-6AEF-11027BFDA3C5" value="true"/>
</engineerTo>
<use>0</use>
<ownDataTypeParameters>,,</ownDataTypeParameters>
</Attribute>
<Attribute name="Department" id="A5E879B1-D61B-36FC-25F2-14EBEFDECD3A">
<createdBy>nchhabra</createdBy>
<createdTime>2019-04-11 17:24:44 UTC</createdTime>
<ownerDesignName>Phase 2 Design</ownerDesignName>
<engineerTo>
<item key="63C5A1FC-A655-937A-6AEF-11027BFDA3C5" value="true"/>
</engineerTo>
<nullsAllowed>true</nullsAllowed>
<use>0</use>
<ownDataTypeParameters>,,</ownDataTypeParameters>
</Attribute>
<Attribute name="FirstName" id="4645CBDF-1A12-21AE-86D3-240FC2A2AEFE">
<createdBy>nchhabra</createdBy>
<createdTime>2019-04-11 17:24:49 UTC</createdTime>
<ownerDesignName>Phase 2 Design</ownerDesignName>
<engineerTo>
<item key="63C5A1FC-A655-937A-6AEF-11027BFDA3C5" value="true"/>
</engineerTo>
<nullsAllowed>true</nullsAllowed>
<use>0</use>
<ownDataTypeParameters>,,</ownDataTypeParameters>
</Attribute>
<Attribute name="LastName" id="27DC80DE-1615-E98D-EB43-EE40DDDDBC33">
<createdBy>nchhabra</createdBy>
<createdTime>2019-04-11 17:24:53 UTC</createdTime>
<ownerDesignName>Phase 2 Design</ownerDesignName>
<engineerTo>
<item key="63C5A1FC-A655-937A-6AEF-11027BFDA3C5" value="true"/>
</engineerTo>
<nullsAllowed>true</nullsAllowed>
<use>0</use>
<ownDataTypeParameters>,,</ownDataTypeParameters>
</Attribute>
<Attribute name="Email" id="02D3BE37-10A3-5646-81A5-7C1ECDC8E16E">
<createdBy>nchhabra</createdBy>
<createdTime>2019-04-11 17:24:58 UTC</createdTime>
<ownerDesignName>Phase 2 Design</ownerDesignName>
<engineerTo>
<item key="63C5A1FC-A655-937A-6AEF-11027BFDA3C5" value="true"/>
</engineerTo>
<nullsAllowed>true</nullsAllowed>
<use>0</use>
<ownDataTypeParameters>,,</ownDataTypeParameters>
</Attribute>
<Attribute name="PhoneNumber" id="FF021E20-A5A2-3EBD-E282-1F07F8412747">
<createdBy>nchhabra</createdBy>
<createdTime>2019-04-11 17:25:02 UTC</createdTime>
<ownerDesignName>Phase 2 Design</ownerDesignName>
<engineerTo>
<item key="63C5A1FC-A655-937A-6AEF-11027BFDA3C5" value="true"/>
</engineerTo>
<nullsAllowed>true</nullsAllowed>
<use>0</use>
<ownDataTypeParameters>,,</ownDataTypeParameters>
</Attribute>
<Attribute name="StreetAddress" id="1A57243A-BC84-377B-827E-61933EBBAD0D">
<createdBy>nchhabra</createdBy>
<createdTime>2019-04-11 17:25:06 UTC</createdTime>
<ownerDesignName>Phase 2 Design</ownerDesignName>
<engineerTo>
<item key="63C5A1FC-A655-937A-6AEF-11027BFDA3C5" value="true"/>
</engineerTo>
<nullsAllowed>true</nullsAllowed>
<use>0</use>
<ownDataTypeParameters>,,</ownDataTypeParameters>
</Attribute>
<Attribute name="City" id="F4FAE115-0DC6-3B9E-5C5C-400DA968ECE5">
<createdBy>nchhabra</createdBy>
<createdTime>2019-04-11 17:25:12 UTC</createdTime>
<ownerDesignName>Phase 2 Design</ownerDesignName>
<engineerTo>
<item key="63C5A1FC-A655-937A-6AEF-11027BFDA3C5" value="true"/>
</engineerTo>
<nullsAllowed>true</nullsAllowed>
<use>0</use>
<ownDataTypeParameters>,,</ownDataTypeParameters>
</Attribute>
<Attribute name="State" id="54776BC2-CD9D-FA39-54C2-520419048E9F">
<createdBy>nchhabra</createdBy>
<createdTime>2019-04-11 17:25:15 UTC</createdTime>
<ownerDesignName>Phase 2 Design</ownerDesignName>
<engineerTo>
<item key="63C5A1FC-A655-937A-6AEF-11027BFDA3C5" value="true"/>
</engineerTo>
<nullsAllowed>true</nullsAllowed>
<use>0</use>
<ownDataTypeParameters>,,</ownDataTypeParameters>
</Attribute>
<Attribute name="Zipcode" id="F4A34EED-0850-436A-7E8C-52671C0377E1">
<createdBy>nchhabra</createdBy>
<createdTime>2019-04-11 17:25:18 UTC</createdTime>
<ownerDesignName>Phase 2 Design</ownerDesignName>
<engineerTo>
<item key="63C5A1FC-A655-937A-6AEF-11027BFDA3C5" value="true"/>
</engineerTo>
<nullsAllowed>true</nullsAllowed>
<use>0</use>
<ownDataTypeParameters>,,</ownDataTypeParameters>
</Attribute>
<Attribute name="DepartmentNumber" id="A87AEA19-6EBC-AEFE-C6BD-B860C1DB7BA5">
<createdBy>nchhabra</createdBy>
<createdTime>2019-04-11 17:51:32 UTC</createdTime>
<generatorID>BC06728A-6B6C-BBA6-78DE-2540324F0C9C</generatorID>
<ownerDesignName>Phase 2 Design</ownerDesignName>
<engineerTo>
<item key="63C5A1FC-A655-937A-6AEF-11027BFDA3C5" value="true"/>
</engineerTo>
<referedAttribute>79BBB36B-108E-7CA6-2BDE-8490421BE497</referedAttribute>
<use>0</use>
<ownDataTypeParameters>,,</ownDataTypeParameters>
</Attribute>
</attributes>
<identifiers itemClass="oracle.dbtools.crest.model.design.logical.CandidateKey">
<identifier id="FD3F44D3-8162-D5E2-1698-F354525BEDEF" name="EMPLOYEE PK">
<createdBy>nchhabra</createdBy>
<createdTime>2019-04-11 17:37:28 UTC</createdTime>
<ownerDesignName>Phase 2 Design</ownerDesignName>
<engineerTo>
<item key="63C5A1FC-A655-937A-6AEF-11027BFDA3C5" value="true"/>
</engineerTo>
<pk>true</pk>
<usedAttributes>
<attributeRef>4C2DFAC7-67D0-D411-A73A-E5B8A95B0764</attributeRef>
</usedAttributes>
</identifier>
</identifiers>
</Entity>