<?xml version = '1.0' encoding = 'UTF-8'?>
<Entity class="oracle.dbtools.crest.model.design.logical.Entity" directorySegmentName="seg_0" id="C7A5E498-E8FA-E214-B52D-055321978640" name="CONSULTATION">
<createdBy>nchhabra</createdBy>
<createdTime>2019-04-11 17:28:54 UTC</createdTime>
<ownerDesignName>Phase 2 Design</ownerDesignName>
<engineerTo>
<item key="63C5A1FC-A655-937A-6AEF-11027BFDA3C5" value="true"/>
</engineerTo>
<adequatelyNormalized>NO</adequatelyNormalized>
<expectedVolumes>0</expectedVolumes>
<fwdEngineeringStrategyName>Single Table</fwdEngineeringStrategyName>
<growthPercent>0</growthPercent>
<growthType>Year</growthType>
<maxVolumes>9999999</maxVolumes>
<minVolumes>0</minVolumes>
<normalForm>Third</normalForm>
<attributes itemClass="oracle.dbtools.crest.model.design.logical.Attribute">
<Attribute name="ConsultationID" id="720A0106-7E2B-5A96-65C5-06D0676671B2">
<createdBy>nchhabra</createdBy>
<createdTime>2019-04-11 17:29:03 UTC</createdTime>
<ownerDesignName>Phase 2 Design</ownerDesignName>
<engineerTo>
<item key="63C5A1FC-A655-937A-6AEF-11027BFDA3C5" value="true"/>
</engineerTo>
<use>0</use>
<ownDataTypeParameters>,,</ownDataTypeParameters>
</Attribute>
<Attribute name="ConsultationDescription" id="53DF88C2-4ADB-DAD2-171A-331599775F50">
<createdBy>nchhabra</createdBy>
<createdTime>2019-04-11 17:29:22 UTC</createdTime>
<ownerDesignName>Phase 2 Design</ownerDesignName>
<engineerTo>
<item key="63C5A1FC-A655-937A-6AEF-11027BFDA3C5" value="true"/>
</engineerTo>
<nullsAllowed>true</nullsAllowed>
<use>0</use>
<ownDataTypeParameters>,,</ownDataTypeParameters>
</Attribute>
<Attribute name="ConsultationDate" id="CAA7828D-D85E-F80C-49A2-03AC8DF1070C">
<createdBy>nchhabra</createdBy>
<createdTime>2019-04-11 17:29:29 UTC</createdTime>
<ownerDesignName>Phase 2 Design</ownerDesignName>
<engineerTo>
<item key="63C5A1FC-A655-937A-6AEF-11027BFDA3C5" value="true"/>
</engineerTo>
<nullsAllowed>true</nullsAllowed>
<use>0</use>
<ownDataTypeParameters>,,</ownDataTypeParameters>
</Attribute>
<Attribute name="LocationMeeting" id="C0CCB507-340A-3A72-F369-6A66F6166F80">
<createdBy>nchhabra</createdBy>
<createdTime>2019-04-11 17:29:39 UTC</createdTime>
<ownerDesignName>Phase 2 Design</ownerDesignName>
<engineerTo>
<item key="63C5A1FC-A655-937A-6AEF-11027BFDA3C5" value="true"/>
</engineerTo>
<nullsAllowed>true</nullsAllowed>
<use>0</use>
<ownDataTypeParameters>,,</ownDataTypeParameters>
</Attribute>
<Attribute name="ClientName" id="1E5D8D46-A023-AE68-9041-2B3B4505629F">
<createdBy>nchhabra</createdBy>
<createdTime>2019-04-11 17:29:51 UTC</createdTime>
<ownerDesignName>Phase 2 Design</ownerDesignName>
<engineerTo>
<item key="63C5A1FC-A655-937A-6AEF-11027BFDA3C5" value="true"/>
</engineerTo>
<nullsAllowed>true</nullsAllowed>
<use>0</use>
<ownDataTypeParameters>,,</ownDataTypeParameters>
</Attribute>
<Attribute name="TypeOfConsulation" id="7A15DF77-A095-B432-3733-0849D14C6E81">
<createdBy>nchhabra</createdBy>
<createdTime>2019-04-11 17:30:06 UTC</createdTime>
<ownerDesignName>Phase 2 Design</ownerDesignName>
<engineerTo>
<item key="63C5A1FC-A655-937A-6AEF-11027BFDA3C5" value="true"/>
</engineerTo>
<nullsAllowed>true</nullsAllowed>
<use>0</use>
<ownDataTypeParameters>,,</ownDataTypeParameters>
</Attribute>
<Attribute name="EmployeeID" id="5AE7C008-B7D3-95C6-12D0-1F45D997B3DF">
<createdBy>nchhabra</createdBy>
<createdTime>2019-04-11 17:41:25 UTC</createdTime>
<generatorID>868D1BE0-564D-5C30-8277-E7292B8FC2BA</generatorID>
<ownerDesignName>Phase 2 Design</ownerDesignName>
<engineerTo>
<item key="63C5A1FC-A655-937A-6AEF-11027BFDA3C5" value="true"/>
</engineerTo>
<referedAttribute>4C2DFAC7-67D0-D411-A73A-E5B8A95B0764</referedAttribute>
<use>0</use>
<ownDataTypeParameters>,,</ownDataTypeParameters>
</Attribute>
<Attribute name="ClientID" id="E63F2AE3-1EC0-5F02-A3CC-655B5DAE7F25">
<createdBy>nchhabra</createdBy>
<createdTime>2019-04-11 17:51:44 UTC</createdTime>
<generatorID>9C7BE096-AE31-A09D-F84E-AA36C13FCA17</generatorID>
<ownerDesignName>Phase 2 Design</ownerDesignName>
<engineerTo>
<item key="63C5A1FC-A655-937A-6AEF-11027BFDA3C5" value="true"/>
</engineerTo>
<referedAttribute>A71CF391-08E2-2A6C-012F-587375C48D7D</referedAttribute>
<use>0</use>
<ownDataTypeParameters>,,</ownDataTypeParameters>
</Attribute>
</attributes>
<identifiers itemClass="oracle.dbtools.crest.model.design.logical.CandidateKey">
<identifier id="F58E13A4-0B9B-20E3-D86A-1E598C0D28A2" name="CONSULTATION PK">
<createdBy>nchhabra</createdBy>
<createdTime>2019-04-11 17:29:21 UTC</createdTime>
<ownerDesignName>Phase 2 Design</ownerDesignName>
<engineerTo>
<item key="63C5A1FC-A655-937A-6AEF-11027BFDA3C5" value="true"/>
</engineerTo>
<pk>true</pk>
<usedAttributes>
<attributeRef>720A0106-7E2B-5A96-65C5-06D0676671B2</attributeRef>
</usedAttributes>
</identifier>
</identifiers>
</Entity>