<?xml version = '1.0' encoding = 'UTF-8'?>
<Entity class="oracle.dbtools.crest.model.design.logical.Entity" directorySegmentName="seg_0" id="DB6CA737-03C6-2DAB-BF10-8EE686237323" name="CLIENT">
<createdBy>nchhabra</createdBy>
<createdTime>2019-04-11 17:33:43 UTC</createdTime>
<ownerDesignName>Phase 2 Design</ownerDesignName>
<engineerTo>
<item key="63C5A1FC-A655-937A-6AEF-11027BFDA3C5" value="true"/>
</engineerTo>
<adequatelyNormalized>NO</adequatelyNormalized>
<expectedVolumes>0</expectedVolumes>
<fwdEngineeringStrategyName>Single Table</fwdEngineeringStrategyName>
<growthPercent>0</growthPercent>
<growthType>Year</growthType>
<maxVolumes>9999999</maxVolumes>
<minVolumes>0</minVolumes>
<normalForm>Third</normalForm>
<attributes itemClass="oracle.dbtools.crest.model.design.logical.Attribute">
<Attribute name="ClientID" id="A71CF391-08E2-2A6C-012F-587375C48D7D">
<createdBy>nchhabra</createdBy>
<createdTime>2019-04-11 17:33:47 UTC</createdTime>
<ownerDesignName>Phase 2 Design</ownerDesignName>
<engineerTo>
<item key="63C5A1FC-A655-937A-6AEF-11027BFDA3C5" value="true"/>
</engineerTo>
<use>0</use>
<ownDataTypeParameters>,,</ownDataTypeParameters>
</Attribute>
<Attribute name="FirstName" id="FBEC671B-957A-1A40-F91E-65FF4B8FD917">
<createdBy>nchhabra</createdBy>
<createdTime>2019-04-11 17:33:53 UTC</createdTime>
<ownerDesignName>Phase 2 Design</ownerDesignName>
<engineerTo>
<item key="63C5A1FC-A655-937A-6AEF-11027BFDA3C5" value="true"/>
</engineerTo>
<nullsAllowed>true</nullsAllowed>
<use>0</use>
<ownDataTypeParameters>,,</ownDataTypeParameters>
</Attribute>
<Attribute name="LastName" id="24293262-B551-1681-BF98-E51F603DC5BE">
<createdBy>nchhabra</createdBy>
<createdTime>2019-04-11 17:33:55 UTC</createdTime>
<ownerDesignName>Phase 2 Design</ownerDesignName>
<engineerTo>
<item key="63C5A1FC-A655-937A-6AEF-11027BFDA3C5" value="true"/>
</engineerTo>
<nullsAllowed>true</nullsAllowed>
<use>0</use>
<ownDataTypeParameters>,,</ownDataTypeParameters>
</Attribute>
<Attribute name="Email" id="3BB3851A-25D8-AF42-74AC-2786F5E2D52E">
<createdBy>nchhabra</createdBy>
<createdTime>2019-04-11 17:34:02 UTC</createdTime>
<ownerDesignName>Phase 2 Design</ownerDesignName>
<engineerTo>
<item key="63C5A1FC-A655-937A-6AEF-11027BFDA3C5" value="true"/>
</engineerTo>
<nullsAllowed>true</nullsAllowed>
<use>0</use>
<ownDataTypeParameters>,,</ownDataTypeParameters>
</Attribute>
<Attribute name="PhoneNumber" id="1ED29A0B-09E6-1A53-AD92-3B784D317005">
<createdBy>nchhabra</createdBy>
<createdTime>2019-04-11 17:34:09 UTC</createdTime>
<ownerDesignName>Phase 2 Design</ownerDesignName>
<engineerTo>
<item key="63C5A1FC-A655-937A-6AEF-11027BFDA3C5" value="true"/>
</engineerTo>
<nullsAllowed>true</nullsAllowed>
<use>0</use>
<ownDataTypeParameters>,,</ownDataTypeParameters>
</Attribute>
<Attribute name="StreetAddres" id="F757A1BE-56DB-0E70-5FB1-691C9A5158F1">
<createdBy>nchhabra</createdBy>
<createdTime>2019-04-11 17:34:17 UTC</createdTime>
<ownerDesignName>Phase 2 Design</ownerDesignName>
<engineerTo>
<item key="63C5A1FC-A655-937A-6AEF-11027BFDA3C5" value="true"/>
</engineerTo>
<nullsAllowed>true</nullsAllowed>
<use>0</use>
<ownDataTypeParameters>,,</ownDataTypeParameters>
</Attribute>
<Attribute name="City" id="71F0044D-2506-0786-F317-A9EF1BD498D0">
<createdBy>nchhabra</createdBy>
<createdTime>2019-04-11 17:34:22 UTC</createdTime>
<ownerDesignName>Phase 2 Design</ownerDesignName>
<engineerTo>
<item key="63C5A1FC-A655-937A-6AEF-11027BFDA3C5" value="true"/>
</engineerTo>
<nullsAllowed>true</nullsAllowed>
<use>0</use>
<ownDataTypeParameters>,,</ownDataTypeParameters>
</Attribute>
<Attribute name="State" id="8C5EDEAC-D055-83DF-D797-3FE3CC091EEA">
<createdBy>nchhabra</createdBy>
<createdTime>2019-04-11 17:34:24 UTC</createdTime>
<ownerDesignName>Phase 2 Design</ownerDesignName>
<engineerTo>
<item key="63C5A1FC-A655-937A-6AEF-11027BFDA3C5" value="true"/>
</engineerTo>
<nullsAllowed>true</nullsAllowed>
<use>0</use>
<ownDataTypeParameters>,,</ownDataTypeParameters>
</Attribute>
<Attribute name="Zipcode" id="2BD9E8EF-62C6-BC16-0583-D4FFB7B2FC95">
<createdBy>nchhabra</createdBy>
<createdTime>2019-04-11 17:34:27 UTC</createdTime>
<ownerDesignName>Phase 2 Design</ownerDesignName>
<engineerTo>
<item key="63C5A1FC-A655-937A-6AEF-11027BFDA3C5" value="true"/>
</engineerTo>
<nullsAllowed>true</nullsAllowed>
<use>0</use>
<ownDataTypeParameters>,,</ownDataTypeParameters>
</Attribute>
<Attribute name="ClientDescription" id="55AB0B40-8EC5-AF75-ABE2-4C4294481BD8">
<createdBy>nchhabra</createdBy>
<createdTime>2019-04-11 17:34:30 UTC</createdTime>
<ownerDesignName>Phase 2 Design</ownerDesignName>
<engineerTo>
<item key="63C5A1FC-A655-937A-6AEF-11027BFDA3C5" value="true"/>
</engineerTo>
<nullsAllowed>true</nullsAllowed>
<use>0</use>
<ownDataTypeParameters>,,</ownDataTypeParameters>
</Attribute>
<Attribute name="ClientType" id="60762400-8476-00EC-C7DC-54B5F65596F8">
<createdBy>nchhabra</createdBy>
<createdTime>2019-04-11 17:34:35 UTC</createdTime>
<ownerDesignName>Phase 2 Design</ownerDesignName>
<engineerTo>
<item key="63C5A1FC-A655-937A-6AEF-11027BFDA3C5" value="true"/>
</engineerTo>
<nullsAllowed>true</nullsAllowed>
<use>0</use>
<ownDataTypeParameters>,,</ownDataTypeParameters>
</Attribute>
</attributes>
<identifiers itemClass="oracle.dbtools.crest.model.design.logical.CandidateKey">
<identifier id="B44B2E5C-5F9D-E9A8-60F2-B79D7D237293" name="CLIENT PK">
<createdBy>nchhabra</createdBy>
<createdTime>2019-04-11 17:37:37 UTC</createdTime>
<ownerDesignName>Phase 2 Design</ownerDesignName>
<engineerTo>
<item key="63C5A1FC-A655-937A-6AEF-11027BFDA3C5" value="true"/>
</engineerTo>
<pk>true</pk>
<usedAttributes>
<attributeRef>A71CF391-08E2-2A6C-012F-587375C48D7D</attributeRef>
</usedAttributes>
</identifier>
</identifiers>
</Entity>