<?xml version = '1.0' encoding = 'UTF-8'?>
<Entity class="oracle.dbtools.crest.model.design.logical.Entity" directorySegmentName="seg_0" id="F97C08D2-B9AB-E429-5139-259E9462492E" name="SUPPLIER">
<createdBy>nchhabra</createdBy>
<createdTime>2019-04-11 17:26:29 UTC</createdTime>
<ownerDesignName>Phase 2 Design</ownerDesignName>
<engineerTo>
<item key="63C5A1FC-A655-937A-6AEF-11027BFDA3C5" value="true"/>
</engineerTo>
<adequatelyNormalized>NO</adequatelyNormalized>
<expectedVolumes>0</expectedVolumes>
<fwdEngineeringStrategyName>Single Table</fwdEngineeringStrategyName>
<growthPercent>0</growthPercent>
<growthType>Year</growthType>
<maxVolumes>9999999</maxVolumes>
<minVolumes>0</minVolumes>
<normalForm>Third</normalForm>
<attributes itemClass="oracle.dbtools.crest.model.design.logical.Attribute">
<Attribute name="SupplierID" id="7A3B4AF9-845D-F3BE-F659-BB9560A373E8">
<createdBy>nchhabra</createdBy>
<createdTime>2019-04-11 17:26:39 UTC</createdTime>
<ownerDesignName>Phase 2 Design</ownerDesignName>
<engineerTo>
<item key="63C5A1FC-A655-937A-6AEF-11027BFDA3C5" value="true"/>
</engineerTo>
<use>0</use>
<ownDataTypeParameters>,,</ownDataTypeParameters>
</Attribute>
<Attribute name="FirstName" id="3CD445BF-3D47-E7F1-2C13-318C3074E012">
<createdBy>nchhabra</createdBy>
<createdTime>2019-04-11 17:26:47 UTC</createdTime>
<ownerDesignName>Phase 2 Design</ownerDesignName>
<engineerTo>
<item key="63C5A1FC-A655-937A-6AEF-11027BFDA3C5" value="true"/>
</engineerTo>
<nullsAllowed>true</nullsAllowed>
<use>0</use>
<ownDataTypeParameters>,,</ownDataTypeParameters>
</Attribute>
<Attribute name="LastName" id="3DE590DF-3C22-19FC-9D28-C0E0BBD21C63">
<createdBy>nchhabra</createdBy>
<createdTime>2019-04-11 17:26:50 UTC</createdTime>
<ownerDesignName>Phase 2 Design</ownerDesignName>
<engineerTo>
<item key="63C5A1FC-A655-937A-6AEF-11027BFDA3C5" value="true"/>
</engineerTo>
<nullsAllowed>true</nullsAllowed>
<use>0</use>
<ownDataTypeParameters>,,</ownDataTypeParameters>
</Attribute>
<Attribute name="PhoneNumber" id="AE384DA9-0A1B-81E3-E99A-6E35D95A54E8">
<createdBy>nchhabra</createdBy>
<createdTime>2019-04-11 17:26:56 UTC</createdTime>
<ownerDesignName>Phase 2 Design</ownerDesignName>
<engineerTo>
<item key="63C5A1FC-A655-937A-6AEF-11027BFDA3C5" value="true"/>
</engineerTo>
<nullsAllowed>true</nullsAllowed>
<use>0</use>
<ownDataTypeParameters>,,</ownDataTypeParameters>
</Attribute>
<Attribute name="Email" id="5CB3BA3D-6910-C7E0-BFC7-801E72B1E66C">
<createdBy>nchhabra</createdBy>
<createdTime>2019-04-11 17:27:00 UTC</createdTime>
<ownerDesignName>Phase 2 Design</ownerDesignName>
<engineerTo>
<item key="63C5A1FC-A655-937A-6AEF-11027BFDA3C5" value="true"/>
</engineerTo>
<nullsAllowed>true</nullsAllowed>
<use>0</use>
<ownDataTypeParameters>,,</ownDataTypeParameters>
</Attribute>
<Attribute name="ProductSpecialization" id="9E494A2D-68E8-0DD1-5386-28F5E9AFE20A">
<createdBy>nchhabra</createdBy>
<createdTime>2019-04-11 17:27:05 UTC</createdTime>
<ownerDesignName>Phase 2 Design</ownerDesignName>
<engineerTo>
<item key="63C5A1FC-A655-937A-6AEF-11027BFDA3C5" value="true"/>
</engineerTo>
<nullsAllowed>true</nullsAllowed>
<use>0</use>
<ownDataTypeParameters>,,</ownDataTypeParameters>
</Attribute>
<Attribute name="Rating" id="1E3A69D0-DE70-921C-BB59-65D035DBC9E5">
<createdBy>nchhabra</createdBy>
<createdTime>2019-04-11 17:27:18 UTC</createdTime>
<ownerDesignName>Phase 2 Design</ownerDesignName>
<engineerTo>
<item key="63C5A1FC-A655-937A-6AEF-11027BFDA3C5" value="true"/>
</engineerTo>
<nullsAllowed>true</nullsAllowed>
<use>0</use>
<ownDataTypeParameters>,,</ownDataTypeParameters>
</Attribute>
</attributes>
<identifiers itemClass="oracle.dbtools.crest.model.design.logical.CandidateKey">
<identifier id="7107B836-5339-25A6-4640-29547E5AE555" name="SUPPLIER PK">
<createdBy>nchhabra</createdBy>
<createdTime>2019-04-11 17:26:46 UTC</createdTime>
<ownerDesignName>Phase 2 Design</ownerDesignName>
<engineerTo>
<item key="63C5A1FC-A655-937A-6AEF-11027BFDA3C5" value="true"/>
</engineerTo>
<pk>true</pk>
<usedAttributes>
<attributeRef>7A3B4AF9-845D-F3BE-F659-BB9560A373E8</attributeRef>
</usedAttributes>
</identifier>
</identifiers>
</Entity>