<?xml version = '1.0' encoding = 'UTF-8'?>
<relationalModel class="oracle.dbtools.crest.model.design.relational.RelationalDesign" name="Relational_1" id="63C5A1FC-A655-937A-6AEF-11027BFDA3C5" mainViewID="8F7A363F-62A7-0C1D-268F-FD92F0C5CA33">
<createdBy>nchhabra</createdBy>
<createdTime>2019-04-11 17:20:37 UTC</createdTime>
<ownerDesignName>Phase 2 Design</ownerDesignName>
<shouldBeOpen>false</shouldBeOpen>
<selectedRDBMSSite>32076570-2523-435C-2E92-BF29817DFF70</selectedRDBMSSite>
</relationalModel>