<?xml version = '1.0' encoding = 'UTF-8'?>
<Diagram class="oracle.dbtools.crest.swingui.logical.DPVLogical" name="Logical" id="0F7337FA-FB68-CE71-2BEB-B9C28D8144BF">
<createdBy>nchhabra</createdBy>
<modifiedBy>nchhabra</modifiedBy>
<createdTime>2019-04-11 17:20:33 UTC</createdTime>
<autoRoute>false</autoRoute>
<boxInbox>true</boxInbox>
<showLegend>false</showLegend>
<showLabels>true</showLabels>
<showRelAttributes>true</showRelAttributes>
<gridEnabled>false</gridEnabled>
<showGrid>false</showGrid>
<diagramColor>-1</diagramColor>
<display>false</display>
<notation>2</notation>
<showAllDetails>false</showAllDetails>
<showComments>true</showComments>
<showElements>true</showElements>
<objectViews>
<OView class="oracle.dbtools.crest.swingui.logical.TVEntity" oid="059259C0-0B8E-21FF-92CF-2352AC6049E2" otype="Entity" vid="C70ECC2E-0A7B-351B-7734-177924DBA6CF">
<hideElementsInCurrentOnly>false</hideElementsInCurrentOnly>
<bounds x="1374" y="575" width="170" height="114"/>
</OView>
<OView class="oracle.dbtools.crest.swingui.logical.TVEntity" oid="0C13EA84-FE28-A77E-DD61-99218465A17A" otype="Entity" vid="434A340D-FFFC-4181-16BC-780FD8248AD5">
<hideElementsInCurrentOnly>false</hideElementsInCurrentOnly>
<bounds x="65" y="248" width="170" height="110"/>
</OView>
<OView class="oracle.dbtools.crest.swingui.logical.TVEntity" oid="24312FB0-1D46-CBC7-622E-5A85F433E6DF" otype="Entity" vid="FCB87D79-9FDF-F408-EC20-D38256F7483A">
<hideElementsInCurrentOnly>false</hideElementsInCurrentOnly>
<bounds x="1732" y="545" width="170" height="112"/>
</OView>
<OView class="oracle.dbtools.crest.swingui.logical.TVEntity" oid="25079556-A74C-345E-984C-1AC67571E33B" otype="Entity" vid="C262B3D1-4886-29D4-A90B-F37C40D8AF70">
<hideElementsInCurrentOnly>false</hideElementsInCurrentOnly>
<bounds x="838" y="311" width="170" height="125"/>
</OView>
<OView class="oracle.dbtools.crest.swingui.logical.TVEntity" oid="27B4C1AC-FB31-BB94-2611-4E5C9A6C3C93" otype="Entity" vid="310B1CCE-824B-5EAC-2142-E16901FCC7D3">
<hideElementsInCurrentOnly>false</hideElementsInCurrentOnly>
<bounds x="283" y="708" width="170" height="143"/>
</OView>
<OView class="oracle.dbtools.crest.swingui.logical.TVEntity" oid="2AB2CCB4-A6D8-F119-C64D-2CD502F36972" otype="Entity" vid="51F143BC-2459-4E12-D076-BAEC4947E02D">
<hideElementsInCurrentOnly>false</hideElementsInCurrentOnly>
<bounds x="820" y="22" width="170" height="128"/>
</OView>
<OView class="oracle.dbtools.crest.swingui.logical.TVEntity" oid="5876FC52-4D9B-13C6-DE79-52912241725C" otype="Entity" vid="1AF38499-F67A-AA52-03C4-F03B2D4219BB">
<hideElementsInCurrentOnly>false</hideElementsInCurrentOnly>
<bounds x="47" y="31" width="201" height="126"/>
</OView>
<OView class="oracle.dbtools.crest.swingui.logical.TVEntity" oid="6F3ABDD3-CEC6-126B-7718-7956B623FCD7" otype="Entity" vid="A7F02630-99AF-34A0-D516-6FBD51948580">
<hideElementsInCurrentOnly>false</hideElementsInCurrentOnly>
<bounds x="801" y="554" width="168" height="134"/>
</OView>
<OView class="oracle.dbtools.crest.swingui.logical.TVEntity" oid="85FDC51E-D6AF-6862-037E-7D7B154F8598" otype="Entity" vid="F4737468-169F-B811-D2B7-E004816E70E4">
<hideElementsInCurrentOnly>false</hideElementsInCurrentOnly>
<bounds x="1724" y="70" width="170" height="113"/>
</OView>
<OView class="oracle.dbtools.crest.swingui.logical.TVEntity" oid="903206C3-42FF-1CAE-C298-646A8AB4875B" otype="Entity" vid="53B93793-1CAB-D5C8-D7DE-DD5AD31ACC9A">
<hideElementsInCurrentOnly>false</hideElementsInCurrentOnly>
<bounds x="72" y="550" width="170" height="110"/>
</OView>
<OView class="oracle.dbtools.crest.swingui.logical.TVEntity" oid="A8671F43-C39D-3459-71A6-B9C83117C7EE" otype="Entity" vid="E2512EEF-6DA5-9C64-3668-82CF9EC79BEE">
<hideElementsInCurrentOnly>false</hideElementsInCurrentOnly>
<bounds x="1352" y="79" width="170" height="112"/>
</OView>
<OView class="oracle.dbtools.crest.swingui.logical.TVEntity" oid="AD088E98-ABAD-B77E-2E22-DAEAFAA5396E" otype="Entity" vid="8024F60F-E69B-ABFF-E1DB-12B138DF6AD5">
<hideElementsInCurrentOnly>false</hideElementsInCurrentOnly>
<bounds x="759" y="852" width="170" height="116"/>
</OView>
<OView class="oracle.dbtools.crest.swingui.logical.TVEntity" oid="B33CD92E-D1C9-5922-B177-E607A46535F7" otype="Entity" vid="8B982119-14B1-14D5-54FB-58DE6DC27B83">
<hideElementsInCurrentOnly>false</hideElementsInCurrentOnly>
<bounds x="356" y="153" width="170" height="425"/>
</OView>
<OView class="oracle.dbtools.crest.swingui.logical.TVEntity" oid="C7A5E498-E8FA-E214-B52D-055321978640" otype="Entity" vid="04577365-03C5-DC4F-A84D-628F8BF029A8">
<hideElementsInCurrentOnly>false</hideElementsInCurrentOnly>
<bounds x="830" y="161" width="170" height="132"/>
</OView>
<OView class="oracle.dbtools.crest.swingui.logical.TVEntity" oid="DB6CA737-03C6-2DAB-BF10-8EE686237323" otype="Entity" vid="A5D9DBA6-25D9-2052-F26D-333A24EF3B0F">
<hideElementsInCurrentOnly>false</hideElementsInCurrentOnly>
<bounds x="1326" y="311" width="170" height="204"/>
</OView>
<OView class="oracle.dbtools.crest.swingui.logical.TVEntity" oid="F97C08D2-B9AB-E429-5139-259E9462492E" otype="Entity" vid="3B0FB705-8924-3C9E-A64A-0AEEFC9143ED">
<hideElementsInCurrentOnly>false</hideElementsInCurrentOnly>
<bounds x="287" y="1015" width="170" height="118"/>
</OView>
</objectViews>
<connectors>
<Connector class="oracle.dbtools.crest.swingui.logical.TVRelation" oid="00798075-FA3C-FBD4-8509-AAD2B059353A" otype="Relation" vid_source="8B982119-14B1-14D5-54FB-58DE6DC27B83" vid_target="434A340D-FFFC-4181-16BC-780FD8248AD5">
<hideElementsInCurrentOnly>false</hideElementsInCurrentOnly>
<backgroundColor>-16777216</backgroundColor>
<lineWidth>1</lineWidth>
<sourceLabel class="oracle.dbtools.crest.model.design.Label">
<site>0</site>
<labelBounds x="285" y="273" width="65" height="30"/>
<noBackgroundColor>true</noBackgroundColor>
<noForegroundColor>true</noForegroundColor>
</sourceLabel>
<targetLabel class="oracle.dbtools.crest.model.design.Label">
<site>2</site>
<labelBounds x="245" y="306" width="62" height="30"/>
<noBackgroundColor>true</noBackgroundColor>
<noForegroundColor>true</noForegroundColor>
</targetLabel>
<points>
<point x="356" y="303"/>
<point x="235" y="303"/>
</points>
</Connector>
<Connector class="oracle.dbtools.crest.swingui.logical.TVRelation" oid="43B42FCD-5569-978F-7427-FA72F1C3327E" otype="Relation" vid_source="A5D9DBA6-25D9-2052-F26D-333A24EF3B0F" vid_target="E2512EEF-6DA5-9C64-3668-82CF9EC79BEE">
<hideElementsInCurrentOnly>false</hideElementsInCurrentOnly>
<backgroundColor>-16777216</backgroundColor>
<lineWidth>1</lineWidth>
<sourceLabel class="oracle.dbtools.crest.model.design.Label">
<site>0</site>
<labelBounds x="1424" y="275" width="71" height="30"/>
<noBackgroundColor>true</noBackgroundColor>
<noForegroundColor>true</noForegroundColor>
</sourceLabel>
<targetLabel class="oracle.dbtools.crest.model.design.Label">
<site>2</site>
<labelBounds x="1424" y="227" width="92" height="30"/>
<noBackgroundColor>true</noBackgroundColor>
<noForegroundColor>true</noForegroundColor>
</targetLabel>
<points>
<point x="1424" y="311"/>
<point x="1424" y="191"/>
</points>
</Connector>
<Connector class="oracle.dbtools.crest.swingui.logical.TVRelation" oid="468AC2CF-D6F9-6C8C-C8EC-9DBB34764B0C" otype="Relation" vid_source="FCB87D79-9FDF-F408-EC20-D38256F7483A" vid_target="F4737468-169F-B811-D2B7-E004816E70E4">
<hideElementsInCurrentOnly>false</hideElementsInCurrentOnly>
<backgroundColor>-16777216</backgroundColor>
<lineWidth>1</lineWidth>
<sourceLabel class="oracle.dbtools.crest.model.design.Label">
<site>0</site>
<labelBounds x="1813" y="509" width="91" height="30"/>
<noBackgroundColor>true</noBackgroundColor>
<noForegroundColor>true</noForegroundColor>
</sourceLabel>
<targetLabel class="oracle.dbtools.crest.model.design.Label">
<site>2</site>
<labelBounds x="1813" y="219" width="105" height="30"/>
<noBackgroundColor>true</noBackgroundColor>
<noForegroundColor>true</noForegroundColor>
</targetLabel>
<points>
<point x="1813" y="545"/>
<point x="1813" y="183"/>
</points>
</Connector>
<Connector class="oracle.dbtools.crest.swingui.logical.TVRelation" oid="6E21ABF5-7925-9D22-B3EE-B423BBEF07AF" otype="Relation" vid_source="53B93793-1CAB-D5C8-D7DE-DD5AD31ACC9A" vid_target="434A340D-FFFC-4181-16BC-780FD8248AD5">
<hideElementsInCurrentOnly>false</hideElementsInCurrentOnly>
<backgroundColor>-16777216</backgroundColor>
<lineWidth>1</lineWidth>
<sourceLabel class="oracle.dbtools.crest.model.design.Label">
<site>0</site>
<labelBounds x="183" y="514" width="61" height="30"/>
<noBackgroundColor>true</noBackgroundColor>
<noForegroundColor>true</noForegroundColor>
</sourceLabel>
<targetLabel class="oracle.dbtools.crest.model.design.Label">
<site>2</site>
<labelBounds x="183" y="402" width="43" height="30"/>
<noBackgroundColor>true</noBackgroundColor>
<noForegroundColor>true</noForegroundColor>
</targetLabel>
<points>
<point x="183" y="550"/>
<point x="183" y="358"/>
</points>
</Connector>
<Connector class="oracle.dbtools.crest.swingui.logical.TVRelation" oid="7E07CDD6-B8F6-65A7-15BA-D7BDECA78CCC" otype="Relation" vid_source="8B982119-14B1-14D5-54FB-58DE6DC27B83" vid_target="1AF38499-F67A-AA52-03C4-F03B2D4219BB">
<hideElementsInCurrentOnly>false</hideElementsInCurrentOnly>
<backgroundColor>-16777216</backgroundColor>
<lineWidth>1</lineWidth>
<sourceLabel class="oracle.dbtools.crest.model.design.Label">
<site>0</site>
<labelBounds x="288" y="125" width="62" height="30"/>
<noBackgroundColor>true</noBackgroundColor>
<noForegroundColor>true</noForegroundColor>
</sourceLabel>
<targetLabel class="oracle.dbtools.crest.model.design.Label">
<site>2</site>
<labelBounds x="258" y="158" width="62" height="30"/>
<noBackgroundColor>true</noBackgroundColor>
<noForegroundColor>true</noForegroundColor>
</targetLabel>
<points>
<point x="356" y="155"/>
<point x="248" y="155"/>
</points>
</Connector>
<Connector class="oracle.dbtools.crest.swingui.logical.TVRelation" oid="81CF0612-98FD-29EE-B0AE-B2F5FC288D48" otype="Relation" vid_source="A7F02630-99AF-34A0-D516-6FBD51948580" vid_target="C262B3D1-4886-29D4-A90B-F37C40D8AF70">
<hideElementsInCurrentOnly>false</hideElementsInCurrentOnly>
<backgroundColor>-16777216</backgroundColor>
<lineWidth>1</lineWidth>
<sourceLabel class="oracle.dbtools.crest.model.design.Label">
<site>0</site>
<labelBounds x="904" y="528" width="122" height="20"/>
<noBackgroundColor>true</noBackgroundColor>
<noForegroundColor>true</noForegroundColor>
</sourceLabel>
<targetLabel class="oracle.dbtools.crest.model.design.Label">
<site>2</site>
<labelBounds x="903" y="462" width="93" height="30"/>
<noBackgroundColor>true</noBackgroundColor>
<noForegroundColor>true</noForegroundColor>
</targetLabel>
<points>
<point x="904" y="554"/>
<point x="903" y="436"/>
</points>
</Connector>
<Connector class="oracle.dbtools.crest.swingui.logical.TVRelation" oid="83B01A09-6EA3-0DCE-9B15-2753C744FC24" otype="Relation" vid_source="8B982119-14B1-14D5-54FB-58DE6DC27B83" vid_target="8024F60F-E69B-ABFF-E1DB-12B138DF6AD5">
<hideElementsInCurrentOnly>false</hideElementsInCurrentOnly>
<backgroundColor>-16777216</backgroundColor>
<lineWidth>1</lineWidth>
<sourceLabel class="oracle.dbtools.crest.model.design.Label">
<site>0</site>
<labelBounds x="517" y="612" width="70" height="28"/>
<noBackgroundColor>true</noBackgroundColor>
<noForegroundColor>true</noForegroundColor>
</sourceLabel>
<targetLabel class="oracle.dbtools.crest.model.design.Label">
<site>2</site>
<labelBounds x="801" y="816" width="63" height="30"/>
<noBackgroundColor>true</noBackgroundColor>
<noForegroundColor>true</noForegroundColor>
</targetLabel>
<points>
<point x="517" y="578"/>
<point x="801" y="852"/>
</points>
</Connector>
<Connector class="oracle.dbtools.crest.swingui.logical.TVRelation" oid="868D1BE0-564D-5C30-8277-E7292B8FC2BA" otype="Relation" vid_source="8B982119-14B1-14D5-54FB-58DE6DC27B83" vid_target="04577365-03C5-DC4F-A84D-628F8BF029A8">
<hideElementsInCurrentOnly>false</hideElementsInCurrentOnly>
<backgroundColor>-16777216</backgroundColor>
<lineWidth>1</lineWidth>
<sourceLabel class="oracle.dbtools.crest.model.design.Label">
<site>0</site>
<labelBounds x="536" y="227" width="77" height="30"/>
<noBackgroundColor>true</noBackgroundColor>
<noForegroundColor>true</noForegroundColor>
</sourceLabel>
<targetLabel class="oracle.dbtools.crest.model.design.Label">
<site>2</site>
<labelBounds x="749" y="222" width="75" height="30"/>
<noBackgroundColor>true</noBackgroundColor>
<noForegroundColor>true</noForegroundColor>
</targetLabel>
<points>
<point x="526" y="227"/>
<point x="830" y="222"/>
</points>
</Connector>
<Connector class="oracle.dbtools.crest.swingui.logical.TVRelation" oid="90DF31DF-678E-9A20-7DEF-4AEE790D639F" otype="Relation" vid_source="A5D9DBA6-25D9-2052-F26D-333A24EF3B0F" vid_target="A7F02630-99AF-34A0-D516-6FBD51948580">
<hideElementsInCurrentOnly>false</hideElementsInCurrentOnly>
<backgroundColor>-16777216</backgroundColor>
<lineWidth>1</lineWidth>
<sourceLabel class="oracle.dbtools.crest.model.design.Label">
<site>0</site>
<labelBounds x="1243" y="446" width="77" height="30"/>
<noBackgroundColor>true</noBackgroundColor>
<noForegroundColor>true</noForegroundColor>
</sourceLabel>
<targetLabel class="oracle.dbtools.crest.model.design.Label">
<site>2</site>
<labelBounds x="979" y="587" width="75" height="30"/>
<noBackgroundColor>true</noBackgroundColor>
<noForegroundColor>true</noForegroundColor>
</targetLabel>
<points>
<point x="1326" y="446"/>
<point x="969" y="587"/>
</points>
</Connector>
<Connector class="oracle.dbtools.crest.swingui.logical.TVRelation" oid="9753A3F5-2FD4-8CF6-D891-7041FA80FA5D" otype="Relation" vid_source="C70ECC2E-0A7B-351B-7734-177924DBA6CF" vid_target="FCB87D79-9FDF-F408-EC20-D38256F7483A">
<hideElementsInCurrentOnly>false</hideElementsInCurrentOnly>
<backgroundColor>-16777216</backgroundColor>
<lineWidth>1</lineWidth>
<sourceLabel class="oracle.dbtools.crest.model.design.Label">
<site>0</site>
<labelBounds x="1554" y="586" width="89" height="30"/>
<noBackgroundColor>true</noBackgroundColor>
<noForegroundColor>true</noForegroundColor>
</sourceLabel>
<targetLabel class="oracle.dbtools.crest.model.design.Label">
<site>2</site>
<labelBounds x="1650" y="619" width="76" height="30"/>
<noBackgroundColor>true</noBackgroundColor>
<noForegroundColor>true</noForegroundColor>
</targetLabel>
<points>
<point x="1544" y="616"/>
<point x="1732" y="616"/>
</points>
</Connector>
<Connector class="oracle.dbtools.crest.swingui.logical.TVRelation" oid="9C7BE096-AE31-A09D-F84E-AA36C13FCA17" otype="Relation" vid_source="A5D9DBA6-25D9-2052-F26D-333A24EF3B0F" vid_target="04577365-03C5-DC4F-A84D-628F8BF029A8">
<hideElementsInCurrentOnly>false</hideElementsInCurrentOnly>
<backgroundColor>-16777216</backgroundColor>
<lineWidth>1</lineWidth>
<sourceLabel class="oracle.dbtools.crest.model.design.Label">
<site>0</site>
<labelBounds x="1247" y="381" width="73" height="30"/>
<noBackgroundColor>true</noBackgroundColor>
<noForegroundColor>true</noForegroundColor>
</sourceLabel>
<targetLabel class="oracle.dbtools.crest.model.design.Label">
<site>2</site>
<labelBounds x="1010" y="258" width="72" height="30"/>
<noBackgroundColor>true</noBackgroundColor>
<noForegroundColor>true</noForegroundColor>
</targetLabel>
<points>
<point x="1326" y="381"/>
<point x="1000" y="258"/>
</points>
</Connector>
<Connector class="oracle.dbtools.crest.swingui.logical.TVRelation" oid="BAC15AC9-1469-5773-1701-D4845B618676" otype="Relation" vid_source="8B982119-14B1-14D5-54FB-58DE6DC27B83" vid_target="C262B3D1-4886-29D4-A90B-F37C40D8AF70">
<hideElementsInCurrentOnly>false</hideElementsInCurrentOnly>
<backgroundColor>-16777216</backgroundColor>
<lineWidth>1</lineWidth>
<sourceLabel class="oracle.dbtools.crest.model.design.Label">
<site>0</site>
<labelBounds x="536" y="389" width="79" height="34"/>
<noBackgroundColor>true</noBackgroundColor>
<noForegroundColor>true</noForegroundColor>
</sourceLabel>
<targetLabel class="oracle.dbtools.crest.model.design.Label">
<site>2</site>
<labelBounds x="748" y="373" width="84" height="30"/>
<noBackgroundColor>true</noBackgroundColor>
<noForegroundColor>true</noForegroundColor>
</targetLabel>
<points>
<point x="526" y="389"/>
<point x="838" y="373"/>
</points>
</Connector>
<Connector class="oracle.dbtools.crest.swingui.logical.TVRelation" oid="BC06728A-6B6C-BBA6-78DE-2540324F0C9C" otype="Relation" vid_source="51F143BC-2459-4E12-D076-BAEC4947E02D" vid_target="8B982119-14B1-14D5-54FB-58DE6DC27B83">
<hideElementsInCurrentOnly>false</hideElementsInCurrentOnly>
<backgroundColor>-16777216</backgroundColor>
<lineWidth>1</lineWidth>
<sourceLabel class="oracle.dbtools.crest.model.design.Label">
<site>0</site>
<labelBounds x="721" y="137" width="93" height="26"/>
<noBackgroundColor>true</noBackgroundColor>
<noForegroundColor>true</noForegroundColor>
</sourceLabel>
<targetLabel class="oracle.dbtools.crest.model.design.Label">
<site>2</site>
<labelBounds x="536" y="314" width="93" height="30"/>
<noBackgroundColor>true</noBackgroundColor>
<noForegroundColor>true</noForegroundColor>
</targetLabel>
<points>
<point x="820" y="137"/>
<point x="526" y="314"/>
</points>
</Connector>
<Connector class="oracle.dbtools.crest.swingui.logical.TVRelation" oid="BDB761CA-C0EA-2F34-29EB-96323CB3E549" otype="Relation" vid_source="A5D9DBA6-25D9-2052-F26D-333A24EF3B0F" vid_target="8024F60F-E69B-ABFF-E1DB-12B138DF6AD5">
<hideElementsInCurrentOnly>false</hideElementsInCurrentOnly>
<backgroundColor>-16777216</backgroundColor>
<lineWidth>1</lineWidth>
<sourceLabel class="oracle.dbtools.crest.model.design.Label">
<site>0</site>
<labelBounds x="1258" y="487" width="62" height="30"/>
<noBackgroundColor>true</noBackgroundColor>
<noForegroundColor>true</noForegroundColor>
</sourceLabel>
<targetLabel class="oracle.dbtools.crest.model.design.Label">
<site>2</site>
<labelBounds x="910" y="816" width="72" height="30"/>
<noBackgroundColor>true</noBackgroundColor>
<noForegroundColor>true</noForegroundColor>
</targetLabel>
<points>
<point x="1326" y="487"/>
<point x="910" y="852"/>
</points>
</Connector>
<Connector class="oracle.dbtools.crest.swingui.logical.TVRelation" oid="CDA1C1E7-1C36-0973-3B4E-623686FBB603" otype="Relation" vid_source="8B982119-14B1-14D5-54FB-58DE6DC27B83" vid_target="A7F02630-99AF-34A0-D516-6FBD51948580">
<hideElementsInCurrentOnly>false</hideElementsInCurrentOnly>
<backgroundColor>-16777216</backgroundColor>
<lineWidth>1</lineWidth>
<sourceLabel class="oracle.dbtools.crest.model.design.Label">
<site>0</site>
<labelBounds x="536" y="536" width="63" height="30"/>
<noBackgroundColor>true</noBackgroundColor>
<noForegroundColor>true</noForegroundColor>
</sourceLabel>
<targetLabel class="oracle.dbtools.crest.model.design.Label">
<site>2</site>
<labelBounds x="725" y="569" width="70" height="30"/>
<noBackgroundColor>true</noBackgroundColor>
<noForegroundColor>true</noForegroundColor>
</targetLabel>
<points>
<point x="526" y="566"/>
<point x="801" y="566"/>
</points>
</Connector>
<Connector class="oracle.dbtools.crest.swingui.logical.TVRelation" oid="EAEDE882-5A24-2F30-44A6-04375EBDEEC0" otype="Relation" vid_source="3B0FB705-8924-3C9E-A64A-0AEEFC9143ED" vid_target="310B1CCE-824B-5EAC-2142-E16901FCC7D3">
<hideElementsInCurrentOnly>false</hideElementsInCurrentOnly>
<backgroundColor>-16777216</backgroundColor>
<lineWidth>1</lineWidth>
<sourceLabel class="oracle.dbtools.crest.model.design.Label">
<site>0</site>
<labelBounds x="370" y="979" width="90" height="30"/>
<noBackgroundColor>true</noBackgroundColor>
<noForegroundColor>true</noForegroundColor>
</sourceLabel>
<targetLabel class="oracle.dbtools.crest.model.design.Label">
<site>2</site>
<labelBounds x="370" y="887" width="96" height="30"/>
<noBackgroundColor>true</noBackgroundColor>
<noForegroundColor>true</noForegroundColor>
</targetLabel>
<points>
<point x="370" y="1015"/>
<point x="370" y="851"/>
</points>
</Connector>
<Connector class="oracle.dbtools.crest.swingui.logical.TVRelation" oid="F01E34B3-25E8-18D7-8F67-F8C65774FCF8" otype="Relation" vid_source="8B982119-14B1-14D5-54FB-58DE6DC27B83" vid_target="310B1CCE-824B-5EAC-2142-E16901FCC7D3">
<hideElementsInCurrentOnly>false</hideElementsInCurrentOnly>
<backgroundColor>-16777216</backgroundColor>
<lineWidth>1</lineWidth>
<sourceLabel class="oracle.dbtools.crest.model.design.Label">
<site>0</site>
<labelBounds x="404" y="670" width="63" height="30"/>
<noBackgroundColor>true</noBackgroundColor>
<noForegroundColor>true</noForegroundColor>
</sourceLabel>
<targetLabel class="oracle.dbtools.crest.model.design.Label">
<site>2</site>
<labelBounds x="404" y="664" width="62" height="30"/>
<noBackgroundColor>true</noBackgroundColor>
<noForegroundColor>true</noForegroundColor>
</targetLabel>
<points>
<point x="404" y="578"/>
<point x="404" y="708"/>
</points>
</Connector>
<Connector class="oracle.dbtools.crest.swingui.logical.TVRelation" oid="FAAE5AA8-5B0B-CA8D-1336-1957F2C74071" otype="Relation" vid_source="E2512EEF-6DA5-9C64-3668-82CF9EC79BEE" vid_target="F4737468-169F-B811-D2B7-E004816E70E4">
<hideElementsInCurrentOnly>false</hideElementsInCurrentOnly>
<backgroundColor>-16777216</backgroundColor>
<lineWidth>1</lineWidth>
<sourceLabel class="oracle.dbtools.crest.model.design.Label">
<site>0</site>
<labelBounds x="1532" y="101" width="76" height="30"/>
<noBackgroundColor>true</noBackgroundColor>
<noForegroundColor>true</noForegroundColor>
</sourceLabel>
<targetLabel class="oracle.dbtools.crest.model.design.Label">
<site>2</site>
<labelBounds x="1639" y="134" width="79" height="30"/>
<noBackgroundColor>true</noBackgroundColor>
<noForegroundColor>true</noForegroundColor>
</targetLabel>
<points>
<point x="1522" y="131"/>
<point x="1724" y="131"/>
</points>
</Connector>
</connectors>
</Diagram>