<?xml version = '1.0' encoding = 'UTF-8'?>
<Relation class="oracle.dbtools.crest.model.design.logical.Relation" name="Relation_23" directorySegmentName="seg_0" id="00798075-FA3C-FBD4-8509-AAD2B059353A">
<createdBy>nchhabra</createdBy>
<createdTime>2019-04-11 17:56:40 UTC</createdTime>
<ownerDesignName>Phase 2 Design</ownerDesignName>
<engineerTo>
<item key="63C5A1FC-A655-937A-6AEF-11027BFDA3C5" value="true"/>
</engineerTo>
<sourcePk>FD3F44D3-8162-D5E2-1698-F354525BEDEF</sourcePk>
<identifying>false</identifying>
<nameOnSource>MAKES A </nameOnSource>
<nameOnTarget>MADE BY</nameOnTarget>
<optionalSource>true</optionalSource>
<optionalTarget>false</optionalTarget>
<sourceCardinality>1</sourceCardinality>
<sourceEntity>B33CD92E-D1C9-5922-B177-E607A46535F7</sourceEntity>
<targetCardinalityString>*</targetCardinalityString>
<targetEntity>0C13EA84-FE28-A77E-DD61-99218465A17A</targetEntity>
<transferable>true</transferable>
<deleteRule>NO ACTION</deleteRule>
</Relation>