<?xml version = '1.0' encoding = 'UTF-8'?>
<Relation class="oracle.dbtools.crest.model.design.logical.Relation" name="Relation_19" directorySegmentName="seg_0" id="43B42FCD-5569-978F-7427-FA72F1C3327E">
<createdBy>nchhabra</createdBy>
<createdTime>2019-04-11 17:53:13 UTC</createdTime>
<ownerDesignName>Phase 2 Design</ownerDesignName>
<engineerTo>
<item key="63C5A1FC-A655-937A-6AEF-11027BFDA3C5" value="true"/>
</engineerTo>
<sourcePk>B44B2E5C-5F9D-E9A8-60F2-B79D7D237293</sourcePk>
<identifying>false</identifying>
<nameOnSource>ORDERS A </nameOnSource>
<nameOnTarget>ORDERED BY A</nameOnTarget>
<optionalSource>true</optionalSource>
<optionalTarget>false</optionalTarget>
<sourceCardinality>1</sourceCardinality>
<sourceEntity>DB6CA737-03C6-2DAB-BF10-8EE686237323</sourceEntity>
<targetCardinalityString>*</targetCardinalityString>
<targetEntity>A8671F43-C39D-3459-71A6-B9C83117C7EE</targetEntity>
<transferable>true</transferable>
<deleteRule>NO ACTION</deleteRule>
</Relation>