<?xml version = '1.0' encoding = 'UTF-8'?>
<Relation class="oracle.dbtools.crest.model.design.logical.Relation" name="Relation_22" directorySegmentName="seg_0" id="468AC2CF-D6F9-6C8C-C8EC-9DBB34764B0C">
<createdBy>nchhabra</createdBy>
<createdTime>2019-04-11 17:53:51 UTC</createdTime>
<ownerDesignName>Phase 2 Design</ownerDesignName>
<engineerTo>
<item key="63C5A1FC-A655-937A-6AEF-11027BFDA3C5" value="true"/>
</engineerTo>
<sourcePk>F5338A2E-0040-F1A8-C256-6A070B3737DC</sourcePk>
<identifying>true</identifying>
<nameOnSource>CHECKS FOR A</nameOnSource>
<nameOnTarget>CHECKED BY THE</nameOnTarget>
<optionalSource>true</optionalSource>
<optionalTarget>false</optionalTarget>
<sourceCardinality>1</sourceCardinality>
<sourceEntity>24312FB0-1D46-CBC7-622E-5A85F433E6DF</sourceEntity>
<targetCardinalityString>*</targetCardinalityString>
<targetEntity>85FDC51E-D6AF-6862-037E-7D7B154F8598</targetEntity>
<transferable>true</transferable>
<deleteRule>NO ACTION</deleteRule>
</Relation>