<?xml version = '1.0' encoding = 'UTF-8'?>
<Relation class="oracle.dbtools.crest.model.design.logical.Relation" name="Relation_5" directorySegmentName="seg_0" id="6E21ABF5-7925-9D22-B3EE-B423BBEF07AF">
<createdBy>nchhabra</createdBy>
<createdTime>2019-04-11 17:39:29 UTC</createdTime>
<ownerDesignName>Phase 2 Design</ownerDesignName>
<engineerTo>
<item key="63C5A1FC-A655-937A-6AEF-11027BFDA3C5" value="true"/>
</engineerTo>
<sourcePk>F6D52955-0CD1-04C9-A4A9-2A95F685ABDC</sourcePk>
<identifying>false</identifying>
<nameOnSource>RECIEVES A </nameOnSource>
<nameOnTarget>IS PAID TO THE</nameOnTarget>
<optionalSource>true</optionalSource>
<optionalTarget>false</optionalTarget>
<sourceCardinality>1</sourceCardinality>
<sourceEntity>903206C3-42FF-1CAE-C298-646A8AB4875B</sourceEntity>
<targetCardinalityString>*</targetCardinalityString>
<targetEntity>0C13EA84-FE28-A77E-DD61-99218465A17A</targetEntity>
<transferable>true</transferable>
<deleteRule>NO ACTION</deleteRule>
</Relation>