<?xml version = '1.0' encoding = 'UTF-8'?>
<Relation class="oracle.dbtools.crest.model.design.logical.Relation" name="Relation_26" directorySegmentName="seg_0" id="81CF0612-98FD-29EE-B0AE-B2F5FC288D48">
<createdBy>nchhabra</createdBy>
<createdTime>2019-04-11 18:23:26 UTC</createdTime>
<ownerDesignName>Phase 2 Design</ownerDesignName>
<engineerTo>
<item key="63C5A1FC-A655-937A-6AEF-11027BFDA3C5" value="true"/>
</engineerTo>
<sourcePk>22616389-E5B7-4E2A-07B7-D0675D960764</sourcePk>
<identifying>false</identifying>
<nameOnSource>RECIEVES INFO FROM</nameOnSource>
<nameOnTarget>PROVIDES INFORMATION TO</nameOnTarget>
<optionalSource>true</optionalSource>
<optionalTarget>false</optionalTarget>
<sourceCardinality>1</sourceCardinality>
<sourceEntity>6F3ABDD3-CEC6-126B-7718-7956B623FCD7</sourceEntity>
<targetCardinalityString>1</targetCardinalityString>
<targetEntity>25079556-A74C-345E-984C-1AC67571E33B</targetEntity>
<transferable>true</transferable>
<deleteRule>NO ACTION</deleteRule>
</Relation>