<?xml version = '1.0' encoding = 'UTF-8'?>
<Relation class="oracle.dbtools.crest.model.design.logical.Relation" name="Relation_14" directorySegmentName="seg_0" id="83B01A09-6EA3-0DCE-9B15-2753C744FC24">
<createdBy>nchhabra</createdBy>
<createdTime>2019-04-11 17:42:29 UTC</createdTime>
<ownerDesignName>Phase 2 Design</ownerDesignName>
<engineerTo>
<item key="63C5A1FC-A655-937A-6AEF-11027BFDA3C5" value="true"/>
</engineerTo>
<sourcePk>FD3F44D3-8162-D5E2-1698-F354525BEDEF</sourcePk>
<identifying>true</identifying>
<nameOnSource>RECIEVES A</nameOnSource>
<nameOnTarget>MADE TO</nameOnTarget>
<optionalSource>true</optionalSource>
<optionalTarget>false</optionalTarget>
<sourceCardinality>1</sourceCardinality>
<sourceEntity>B33CD92E-D1C9-5922-B177-E607A46535F7</sourceEntity>
<targetCardinalityString>*</targetCardinalityString>
<targetEntity>AD088E98-ABAD-B77E-2E22-DAEAFAA5396E</targetEntity>
<transferable>true</transferable>
<deleteRule>NO ACTION</deleteRule>
</Relation>