<?xml version = '1.0' encoding = 'UTF-8'?>
<Relation class="oracle.dbtools.crest.model.design.logical.Relation" name="Relation_11" directorySegmentName="seg_0" id="868D1BE0-564D-5C30-8277-E7292B8FC2BA">
<createdBy>nchhabra</createdBy>
<createdTime>2019-04-11 17:41:25 UTC</createdTime>
<ownerDesignName>Phase 2 Design</ownerDesignName>
<engineerTo>
<item key="63C5A1FC-A655-937A-6AEF-11027BFDA3C5" value="true"/>
</engineerTo>
<sourcePk>FD3F44D3-8162-D5E2-1698-F354525BEDEF</sourcePk>
<identifying>false</identifying>
<nameOnSource>ATTENDS A </nameOnSource>
<nameOnTarget>HOSTED BY</nameOnTarget>
<optionalSource>true</optionalSource>
<optionalTarget>false</optionalTarget>
<sourceCardinality>1</sourceCardinality>
<sourceEntity>B33CD92E-D1C9-5922-B177-E607A46535F7</sourceEntity>
<targetCardinalityString>*</targetCardinalityString>
<targetEntity>C7A5E498-E8FA-E214-B52D-055321978640</targetEntity>
<transferable>true</transferable>
<deleteRule>NO ACTION</deleteRule>
</Relation>