<?xml version = '1.0' encoding = 'UTF-8'?>
<Relation class="oracle.dbtools.crest.model.design.logical.Relation" name="Relation_27" directorySegmentName="seg_0" id="90DF31DF-678E-9A20-7DEF-4AEE790D639F">
<createdBy>nchhabra</createdBy>
<createdTime>2019-04-11 18:25:49 UTC</createdTime>
<ownerDesignName>Phase 2 Design</ownerDesignName>
<engineerTo>
<item key="63C5A1FC-A655-937A-6AEF-11027BFDA3C5" value="true"/>
</engineerTo>
<sourcePk>B44B2E5C-5F9D-E9A8-60F2-B79D7D237293</sourcePk>
<identifying>false</identifying>
<nameOnSource>RECIEVES A</nameOnSource>
<nameOnTarget>GIVEN TO A</nameOnTarget>
<optionalSource>true</optionalSource>
<optionalTarget>false</optionalTarget>
<sourceCardinality>1</sourceCardinality>
<sourceEntity>DB6CA737-03C6-2DAB-BF10-8EE686237323</sourceEntity>
<targetCardinalityString>*</targetCardinalityString>
<targetEntity>6F3ABDD3-CEC6-126B-7718-7956B623FCD7</targetEntity>
<transferable>true</transferable>
<deleteRule>NO ACTION</deleteRule>
</Relation>