<?xml version = '1.0' encoding = 'UTF-8'?>
<Relation class="oracle.dbtools.crest.model.design.logical.Relation" name="Relation_20" directorySegmentName="seg_0" id="9753A3F5-2FD4-8CF6-D891-7041FA80FA5D">
<createdBy>nchhabra</createdBy>
<createdTime>2019-04-11 17:53:31 UTC</createdTime>
<ownerDesignName>Phase 2 Design</ownerDesignName>
<engineerTo>
<item key="63C5A1FC-A655-937A-6AEF-11027BFDA3C5" value="true"/>
</engineerTo>
<sourcePk>2519323B-3C47-682E-BE58-63978D671159</sourcePk>
<identifying>false</identifying>
<nameOnSource>MADE UP OF A</nameOnSource>
<nameOnTarget>INCLUDES A</nameOnTarget>
<optionalSource>true</optionalSource>
<optionalTarget>false</optionalTarget>
<sourceCardinality>1</sourceCardinality>
<sourceEntity>059259C0-0B8E-21FF-92CF-2352AC6049E2</sourceEntity>
<targetCardinalityString>*</targetCardinalityString>
<targetEntity>24312FB0-1D46-CBC7-622E-5A85F433E6DF</targetEntity>
<transferable>true</transferable>
<deleteRule>NO ACTION</deleteRule>
</Relation>