<?xml version = '1.0' encoding = 'UTF-8'?>
<Relation class="oracle.dbtools.crest.model.design.logical.Relation" name="Relation_16" directorySegmentName="seg_0" id="9C7BE096-AE31-A09D-F84E-AA36C13FCA17">
<createdBy>nchhabra</createdBy>
<createdTime>2019-04-11 17:51:44 UTC</createdTime>
<ownerDesignName>Phase 2 Design</ownerDesignName>
<engineerTo>
<item key="63C5A1FC-A655-937A-6AEF-11027BFDA3C5" value="true"/>
</engineerTo>
<sourcePk>B44B2E5C-5F9D-E9A8-60F2-B79D7D237293</sourcePk>
<identifying>false</identifying>
<nameOnSource>GOES TO A</nameOnSource>
<nameOnTarget>INFORMS A</nameOnTarget>
<optionalSource>true</optionalSource>
<optionalTarget>false</optionalTarget>
<sourceCardinality>1</sourceCardinality>
<sourceEntity>DB6CA737-03C6-2DAB-BF10-8EE686237323</sourceEntity>
<targetCardinalityString>*</targetCardinalityString>
<targetEntity>C7A5E498-E8FA-E214-B52D-055321978640</targetEntity>
<transferable>true</transferable>
<deleteRule>NO ACTION</deleteRule>
</Relation>