<?xml version = '1.0' encoding = 'UTF-8'?>
<Relation class="oracle.dbtools.crest.model.design.logical.Relation" name="Relation_12" directorySegmentName="seg_0" id="BAC15AC9-1469-5773-1701-D4845B618676">
<createdBy>nchhabra</createdBy>
<createdTime>2019-04-11 17:41:58 UTC</createdTime>
<ownerDesignName>Phase 2 Design</ownerDesignName>
<engineerTo>
<item key="63C5A1FC-A655-937A-6AEF-11027BFDA3C5" value="true"/>
</engineerTo>
<sourcePk>FD3F44D3-8162-D5E2-1698-F354525BEDEF</sourcePk>
<identifying>false</identifying>
<nameOnSource>RECIEVES A</nameOnSource>
<nameOnTarget>RECIEVED BY</nameOnTarget>
<optionalSource>true</optionalSource>
<optionalTarget>false</optionalTarget>
<sourceCardinality>1</sourceCardinality>
<sourceEntity>B33CD92E-D1C9-5922-B177-E607A46535F7</sourceEntity>
<targetCardinalityString>*</targetCardinalityString>
<targetEntity>25079556-A74C-345E-984C-1AC67571E33B</targetEntity>
<transferable>true</transferable>
<deleteRule>NO ACTION</deleteRule>
</Relation>