<?xml version = '1.0' encoding = 'UTF-8'?>
<Relation class="oracle.dbtools.crest.model.design.logical.Relation" name="Relation_15" directorySegmentName="seg_0" id="BC06728A-6B6C-BBA6-78DE-2540324F0C9C">
<createdBy>nchhabra</createdBy>
<createdTime>2019-04-11 17:51:32 UTC</createdTime>
<ownerDesignName>Phase 2 Design</ownerDesignName>
<engineerTo>
<item key="63C5A1FC-A655-937A-6AEF-11027BFDA3C5" value="true"/>
</engineerTo>
<sourcePk>B77A7CEF-246E-6722-0062-10183A4A1CD4</sourcePk>
<identifying>false</identifying>
<nameOnSource>IS MADE UP OF</nameOnSource>
<nameOnTarget>BELONGS TO A</nameOnTarget>
<optionalSource>true</optionalSource>
<optionalTarget>false</optionalTarget>
<sourceCardinality>1</sourceCardinality>
<sourceEntity>2AB2CCB4-A6D8-F119-C64D-2CD502F36972</sourceEntity>
<targetCardinalityString>*</targetCardinalityString>
<targetEntity>B33CD92E-D1C9-5922-B177-E607A46535F7</targetEntity>
<transferable>true</transferable>
<deleteRule>NO ACTION</deleteRule>
</Relation>