<?xml version = '1.0' encoding = 'UTF-8'?>
<Relation class="oracle.dbtools.crest.model.design.logical.Relation" name="Relation_24" directorySegmentName="seg_0" id="BDB761CA-C0EA-2F34-29EB-96323CB3E549">
<createdBy>nchhabra</createdBy>
<createdTime>2019-04-11 18:05:26 UTC</createdTime>
<ownerDesignName>Phase 2 Design</ownerDesignName>
<engineerTo>
<item key="63C5A1FC-A655-937A-6AEF-11027BFDA3C5" value="true"/>
</engineerTo>
<sourcePk>B44B2E5C-5F9D-E9A8-60F2-B79D7D237293</sourcePk>
<identifying>true</identifying>
<nameOnSource>MAKES A</nameOnSource>
<nameOnTarget>MADE BY A</nameOnTarget>
<optionalSource>true</optionalSource>
<optionalTarget>false</optionalTarget>
<sourceCardinality>1</sourceCardinality>
<sourceEntity>DB6CA737-03C6-2DAB-BF10-8EE686237323</sourceEntity>
<targetCardinalityString>*</targetCardinalityString>
<targetEntity>AD088E98-ABAD-B77E-2E22-DAEAFAA5396E</targetEntity>
<transferable>true</transferable>
<deleteRule>NO ACTION</deleteRule>
</Relation>