<?xml version = '1.0' encoding = 'UTF-8'?>
<Relation class="oracle.dbtools.crest.model.design.logical.Relation" name="Relation_10" directorySegmentName="seg_0" id="EAEDE882-5A24-2F30-44A6-04375EBDEEC0">
<createdBy>nchhabra</createdBy>
<createdTime>2019-04-11 17:40:34 UTC</createdTime>
<ownerDesignName>Phase 2 Design</ownerDesignName>
<engineerTo>
<item key="63C5A1FC-A655-937A-6AEF-11027BFDA3C5" value="true"/>
</engineerTo>
<sourcePk>7107B836-5339-25A6-4640-29547E5AE555</sourcePk>
<identifying>false</identifying>
<nameOnSource>SUPPLIES THE</nameOnSource>
<nameOnTarget>IS SUPPLIED BY</nameOnTarget>
<optionalSource>true</optionalSource>
<optionalTarget>false</optionalTarget>
<sourceCardinality>1</sourceCardinality>
<sourceEntity>F97C08D2-B9AB-E429-5139-259E9462492E</sourceEntity>
<targetCardinalityString>*</targetCardinalityString>
<targetEntity>27B4C1AC-FB31-BB94-2611-4E5C9A6C3C93</targetEntity>
<transferable>true</transferable>
<deleteRule>NO ACTION</deleteRule>
</Relation>