<?xml version = '1.0' encoding = 'UTF-8'?>
<Relation class="oracle.dbtools.crest.model.design.logical.Relation" name="Relation_9" directorySegmentName="seg_0" id="F01E34B3-25E8-18D7-8F67-F8C65774FCF8">
<createdBy>nchhabra</createdBy>
<createdTime>2019-04-11 17:40:24 UTC</createdTime>
<ownerDesignName>Phase 2 Design</ownerDesignName>
<engineerTo>
<item key="63C5A1FC-A655-937A-6AEF-11027BFDA3C5" value="true"/>
</engineerTo>
<sourcePk>FD3F44D3-8162-D5E2-1698-F354525BEDEF</sourcePk>
<identifying>false</identifying>
<nameOnSource>MAKES A </nameOnSource>
<nameOnTarget>MADE BY</nameOnTarget>
<optionalSource>true</optionalSource>
<optionalTarget>false</optionalTarget>
<sourceCardinality>1</sourceCardinality>
<sourceEntity>B33CD92E-D1C9-5922-B177-E607A46535F7</sourceEntity>
<targetCardinalityString>*</targetCardinalityString>
<targetEntity>27B4C1AC-FB31-BB94-2611-4E5C9A6C3C93</targetEntity>
<transferable>true</transferable>
<deleteRule>NO ACTION</deleteRule>
</Relation>