<?xml version = '1.0' encoding = 'UTF-8'?>
<Relation class="oracle.dbtools.crest.model.design.logical.Relation" name="Relation_21" directorySegmentName="seg_0" id="FAAE5AA8-5B0B-CA8D-1336-1957F2C74071">
<createdBy>nchhabra</createdBy>
<createdTime>2019-04-11 17:53:44 UTC</createdTime>
<ownerDesignName>Phase 2 Design</ownerDesignName>
<engineerTo>
<item key="63C5A1FC-A655-937A-6AEF-11027BFDA3C5" value="true"/>
</engineerTo>
<sourcePk>1727DECE-6053-9019-D8D1-6D5B966FDD0E</sourcePk>
<identifying>true</identifying>
<nameOnSource>INCLUDES A</nameOnSource>
<nameOnTarget>MAKES UP A</nameOnTarget>
<optionalSource>true</optionalSource>
<optionalTarget>false</optionalTarget>
<sourceCardinality>1</sourceCardinality>
<sourceEntity>A8671F43-C39D-3459-71A6-B9C83117C7EE</sourceEntity>
<targetCardinalityString>*</targetCardinalityString>
<targetEntity>85FDC51E-D6AF-6862-037E-7D7B154F8598</targetEntity>
<transferable>true</transferable>
<deleteRule>NO ACTION</deleteRule>
</Relation>