<?xml version = '1.0' encoding = 'UTF-8'?>
<FKIndexAssociation class="oracle.dbtools.crest.model.design.relational.FKIndexAssociation" directorySegmentName="seg_0" id="1A027D49-DF73-1806-BA14-4116A2DDD586" containerWithKeyObject="A0A0CD12-A554-5DF3-F86F-6EC3192FE880" localFKIndex="D551AC07-B60D-975B-CB54-42277844AA71" name="PAYMENT_CLIENT_FK">
<createdBy>nchhabra</createdBy>
<createdTime>2019-04-11 18:28:39 UTC</createdTime>
<generatorID>BDB761CA-C0EA-2F34-29EB-96323CB3E549</generatorID>
<ownerDesignName>Phase 2 Design</ownerDesignName>
<referredTableLongName>CLIENT</referredTableLongName>
<deleteRule>NO ACTION</deleteRule>
<referredTableID>31ACE759-5687-A2EE-FB06-56A72FC2D92A</referredTableID>
<keyObject>8C6C3C5D-0339-49E0-7940-A6691862A530</keyObject>
<referredKeyID>8C6C3C5D-0339-49E0-7940-A6691862A530</referredKeyID>
<mandatory>true</mandatory>
<refColNames>ClientID</refColNames>
<transferable>true</transferable>
<rely>false</rely>
<columnDependencyConstraintGenerateInDDL>true</columnDependencyConstraintGenerateInDDL>
</FKIndexAssociation>