<?xml version = '1.0' encoding = 'UTF-8'?>
<FKIndexAssociation class="oracle.dbtools.crest.model.design.relational.FKIndexAssociation" directorySegmentName="seg_0" id="1C5EEA11-2BA8-E54B-7C3F-488677B1D66B" containerWithKeyObject="A0A0CD12-A554-5DF3-F86F-6EC3192FE880" localFKIndex="88A933B4-D978-03E7-29A6-6399A8A4BF89" name="PAYMENT_EMPLOYEE_FK">
<createdBy>nchhabra</createdBy>
<createdTime>2019-04-11 18:28:39 UTC</createdTime>
<generatorID>83B01A09-6EA3-0DCE-9B15-2753C744FC24</generatorID>
<ownerDesignName>Phase 2 Design</ownerDesignName>
<referredTableLongName>EMPLOYEE</referredTableLongName>
<deleteRule>NO ACTION</deleteRule>
<referredTableID>994927A2-EA2A-320A-21A3-F776AA7EC688</referredTableID>
<keyObject>A180EBA5-9CD0-F4F5-D32C-341FC5FEECF2</keyObject>
<referredKeyID>A180EBA5-9CD0-F4F5-D32C-341FC5FEECF2</referredKeyID>
<mandatory>true</mandatory>
<refColNames>EmployeeID</refColNames>
<transferable>true</transferable>
<rely>false</rely>
<columnDependencyConstraintGenerateInDDL>true</columnDependencyConstraintGenerateInDDL>
</FKIndexAssociation>