<?xml version = '1.0' encoding = 'UTF-8'?>
<FKIndexAssociation class="oracle.dbtools.crest.model.design.relational.FKIndexAssociation" directorySegmentName="seg_0" id="1DC023EE-B7A6-F7F0-20CE-FE4E670AFB81" containerWithKeyObject="AD4AC33F-2B7D-F25B-EDB0-69E727CB560C" localFKIndex="4CDFB6DB-FDB3-3BC3-B66E-98C044A70FF6" name="ORDERITEM_INVENTORY_FK">
<createdBy>nchhabra</createdBy>
<createdTime>2019-04-11 18:28:39 UTC</createdTime>
<generatorID>468AC2CF-D6F9-6C8C-C8EC-9DBB34764B0C</generatorID>
<ownerDesignName>Phase 2 Design</ownerDesignName>
<referredTableLongName>INVENTORY</referredTableLongName>
<deleteRule>NO ACTION</deleteRule>
<referredTableID>81AA0FBC-A1B4-9C38-94F6-A37104C9194A</referredTableID>
<keyObject>D5BE9EC2-2E36-4FA0-68B8-4A914389D717</keyObject>
<referredKeyID>D5BE9EC2-2E36-4FA0-68B8-4A914389D717</referredKeyID>
<mandatory>true</mandatory>
<refColNames>InventoryID</refColNames>
<transferable>true</transferable>
<rely>false</rely>
<columnDependencyConstraintGenerateInDDL>true</columnDependencyConstraintGenerateInDDL>
</FKIndexAssociation>