<?xml version = '1.0' encoding = 'UTF-8'?>
<FKIndexAssociation class="oracle.dbtools.crest.model.design.relational.FKIndexAssociation" directorySegmentName="seg_0" id="28E2905D-D6D2-1178-0678-B222FDE99754" containerWithKeyObject="533E6F22-E9F3-CB08-5015-FD7748B18348" localFKIndex="C288399D-4D88-451D-4556-E4BBDE27F8C4" name="DEPOSIT_EMPLOYEE_FK">
<createdBy>nchhabra</createdBy>
<createdTime>2019-04-11 18:28:39 UTC</createdTime>
<generatorID>00798075-FA3C-FBD4-8509-AAD2B059353A</generatorID>
<ownerDesignName>Phase 2 Design</ownerDesignName>
<referredTableLongName>EMPLOYEE</referredTableLongName>
<deleteRule>NO ACTION</deleteRule>
<referredTableID>994927A2-EA2A-320A-21A3-F776AA7EC688</referredTableID>
<keyObject>A180EBA5-9CD0-F4F5-D32C-341FC5FEECF2</keyObject>
<referredKeyID>A180EBA5-9CD0-F4F5-D32C-341FC5FEECF2</referredKeyID>
<mandatory>true</mandatory>
<refColNames>EmployeeID</refColNames>
<transferable>true</transferable>
<rely>false</rely>
<columnDependencyConstraintGenerateInDDL>true</columnDependencyConstraintGenerateInDDL>
</FKIndexAssociation>