<?xml version = '1.0' encoding = 'UTF-8'?>
<FKIndexAssociation class="oracle.dbtools.crest.model.design.relational.FKIndexAssociation" directorySegmentName="seg_0" id="37552119-4219-2110-D0BE-00829A60B2C8" containerWithKeyObject="4C0CC29F-75B2-6CA4-A855-0BA725624326" localFKIndex="CD1C9A53-20FC-758F-168A-E3EE6E7CC13F" name="PURCHASE_ORDER_EMPLOYEE_FK">
<createdBy>nchhabra</createdBy>
<createdTime>2019-04-11 18:28:39 UTC</createdTime>
<generatorID>F01E34B3-25E8-18D7-8F67-F8C65774FCF8</generatorID>
<ownerDesignName>Phase 2 Design</ownerDesignName>
<referredTableLongName>EMPLOYEE</referredTableLongName>
<deleteRule>NO ACTION</deleteRule>
<referredTableID>994927A2-EA2A-320A-21A3-F776AA7EC688</referredTableID>
<keyObject>A180EBA5-9CD0-F4F5-D32C-341FC5FEECF2</keyObject>
<referredKeyID>A180EBA5-9CD0-F4F5-D32C-341FC5FEECF2</referredKeyID>
<mandatory>true</mandatory>
<refColNames>EmployeeID</refColNames>
<transferable>true</transferable>
<rely>false</rely>
<columnDependencyConstraintGenerateInDDL>true</columnDependencyConstraintGenerateInDDL>
</FKIndexAssociation>