<?xml version = '1.0' encoding = 'UTF-8'?>
<FKIndexAssociation class="oracle.dbtools.crest.model.design.relational.FKIndexAssociation" directorySegmentName="seg_0" id="49FF6E3B-5E09-33C1-DD4F-1AE997725121" containerWithKeyObject="4CEF915F-9F33-89F5-FF1D-25E6D13CF256" localFKIndex="C19836BD-BA06-41C9-6342-04F6DE9D3C49" name="SALESORDER_CLIENT_FK">
<createdBy>nchhabra</createdBy>
<createdTime>2019-04-11 18:28:39 UTC</createdTime>
<generatorID>43B42FCD-5569-978F-7427-FA72F1C3327E</generatorID>
<ownerDesignName>Phase 2 Design</ownerDesignName>
<referredTableLongName>CLIENT</referredTableLongName>
<deleteRule>NO ACTION</deleteRule>
<referredTableID>31ACE759-5687-A2EE-FB06-56A72FC2D92A</referredTableID>
<keyObject>8C6C3C5D-0339-49E0-7940-A6691862A530</keyObject>
<referredKeyID>8C6C3C5D-0339-49E0-7940-A6691862A530</referredKeyID>
<mandatory>true</mandatory>
<refColNames>ClientID</refColNames>
<transferable>true</transferable>
<rely>false</rely>
<columnDependencyConstraintGenerateInDDL>true</columnDependencyConstraintGenerateInDDL>
</FKIndexAssociation>