<?xml version = '1.0' encoding = 'UTF-8'?>
<FKIndexAssociation class="oracle.dbtools.crest.model.design.relational.FKIndexAssociation" directorySegmentName="seg_0" id="5484C089-3576-741D-98F1-AFA356FEC562" containerWithKeyObject="994927A2-EA2A-320A-21A3-F776AA7EC688" localFKIndex="603876AD-4758-E7C2-CFC2-2CC8C061AA02" name="EMPLOYEE_DEPARTMENT_FK">
<createdBy>nchhabra</createdBy>
<createdTime>2019-04-11 18:28:39 UTC</createdTime>
<generatorID>BC06728A-6B6C-BBA6-78DE-2540324F0C9C</generatorID>
<ownerDesignName>Phase 2 Design</ownerDesignName>
<referredTableLongName>DEPARTMENT</referredTableLongName>
<deleteRule>NO ACTION</deleteRule>
<referredTableID>45C46328-B1FD-92FB-9562-7412A653C472</referredTableID>
<keyObject>4076F22D-72D2-8D09-1E3E-B1C119A22347</keyObject>
<referredKeyID>4076F22D-72D2-8D09-1E3E-B1C119A22347</referredKeyID>
<mandatory>true</mandatory>
<refColNames>DepartmentNumber</refColNames>
<transferable>true</transferable>
<rely>false</rely>
<columnDependencyConstraintGenerateInDDL>true</columnDependencyConstraintGenerateInDDL>
</FKIndexAssociation>