<?xml version = '1.0' encoding = 'UTF-8'?>
<FKIndexAssociation class="oracle.dbtools.crest.model.design.relational.FKIndexAssociation" directorySegmentName="seg_0" id="6C114E3B-F0DA-969D-AB09-D2D68C98F0DB" containerWithKeyObject="D9C32FDC-CF0D-A228-E5EA-BC13DFD25DF9" localFKIndex="AADD4C87-46B5-CFB7-BC52-AD96A2997C7C" name="CONSULTATION_CLIENT_FK">
<createdBy>nchhabra</createdBy>
<createdTime>2019-04-11 18:28:39 UTC</createdTime>
<generatorID>9C7BE096-AE31-A09D-F84E-AA36C13FCA17</generatorID>
<ownerDesignName>Phase 2 Design</ownerDesignName>
<referredTableLongName>CLIENT</referredTableLongName>
<deleteRule>NO ACTION</deleteRule>
<referredTableID>31ACE759-5687-A2EE-FB06-56A72FC2D92A</referredTableID>
<keyObject>8C6C3C5D-0339-49E0-7940-A6691862A530</keyObject>
<referredKeyID>8C6C3C5D-0339-49E0-7940-A6691862A530</referredKeyID>
<mandatory>true</mandatory>
<refColNames>ClientID</refColNames>
<transferable>true</transferable>
<rely>false</rely>
<columnDependencyConstraintGenerateInDDL>true</columnDependencyConstraintGenerateInDDL>
</FKIndexAssociation>