<?xml version = '1.0' encoding = 'UTF-8'?>
<FKIndexAssociation class="oracle.dbtools.crest.model.design.relational.FKIndexAssociation" directorySegmentName="seg_0" id="7EAB026F-D3E2-9983-23EF-55CC4D93D3C8" containerWithKeyObject="502571E4-EA96-24E9-0756-D82D4552BC80" localFKIndex="4004B890-8479-2BBE-3B9C-B49F2651A8CF" name="INVOICE_EMPLOYEE_FK">
<createdBy>nchhabra</createdBy>
<createdTime>2019-04-11 18:28:39 UTC</createdTime>
<generatorID>CDA1C1E7-1C36-0973-3B4E-623686FBB603</generatorID>
<ownerDesignName>Phase 2 Design</ownerDesignName>
<referredTableLongName>EMPLOYEE</referredTableLongName>
<deleteRule>NO ACTION</deleteRule>
<referredTableID>994927A2-EA2A-320A-21A3-F776AA7EC688</referredTableID>
<keyObject>A180EBA5-9CD0-F4F5-D32C-341FC5FEECF2</keyObject>
<referredKeyID>A180EBA5-9CD0-F4F5-D32C-341FC5FEECF2</referredKeyID>
<mandatory>true</mandatory>
<refColNames>EmployeeID</refColNames>
<transferable>true</transferable>
<rely>false</rely>
<columnDependencyConstraintGenerateInDDL>true</columnDependencyConstraintGenerateInDDL>
</FKIndexAssociation>