<?xml version = '1.0' encoding = 'UTF-8'?>
<FKIndexAssociation class="oracle.dbtools.crest.model.design.relational.FKIndexAssociation" directorySegmentName="seg_0" id="AABD25AB-6372-4F64-9CD9-6FDEC972D599" containerWithKeyObject="AD4AC33F-2B7D-F25B-EDB0-69E727CB560C" localFKIndex="F8553F96-17E8-2A5B-BD29-D99B401753C3" name="ORDERITEM_SALESORDER_FK">
<createdBy>nchhabra</createdBy>
<createdTime>2019-04-11 18:28:39 UTC</createdTime>
<generatorID>FAAE5AA8-5B0B-CA8D-1336-1957F2C74071</generatorID>
<ownerDesignName>Phase 2 Design</ownerDesignName>
<referredTableLongName>SALESORDER</referredTableLongName>
<deleteRule>NO ACTION</deleteRule>
<referredTableID>4CEF915F-9F33-89F5-FF1D-25E6D13CF256</referredTableID>
<keyObject>209E4684-A9CB-A853-09CD-9D8C20F5777C</keyObject>
<referredKeyID>209E4684-A9CB-A853-09CD-9D8C20F5777C</referredKeyID>
<mandatory>true</mandatory>
<refColNames>SaleOrderID</refColNames>
<transferable>true</transferable>
<rely>false</rely>
<columnDependencyConstraintGenerateInDDL>true</columnDependencyConstraintGenerateInDDL>
</FKIndexAssociation>