<?xml version = '1.0' encoding = 'UTF-8'?>
<FKIndexAssociation class="oracle.dbtools.crest.model.design.relational.FKIndexAssociation" directorySegmentName="seg_0" id="AF96D133-610B-4970-9053-D173A9493D93" containerWithKeyObject="D712CE8A-FD30-3222-D643-DC47D75CEFD8" localFKIndex="6E16C803-7B35-EF11-124C-3C1B944FBD82" name="PAYMENT_RECEIPT_EMPLOYEE_FK">
<createdBy>nchhabra</createdBy>
<createdTime>2019-04-11 18:28:39 UTC</createdTime>
<generatorID>7E07CDD6-B8F6-65A7-15BA-D7BDECA78CCC</generatorID>
<ownerDesignName>Phase 2 Design</ownerDesignName>
<referredTableLongName>EMPLOYEE</referredTableLongName>
<deleteRule>NO ACTION</deleteRule>
<referredTableID>994927A2-EA2A-320A-21A3-F776AA7EC688</referredTableID>
<keyObject>A180EBA5-9CD0-F4F5-D32C-341FC5FEECF2</keyObject>
<referredKeyID>A180EBA5-9CD0-F4F5-D32C-341FC5FEECF2</referredKeyID>
<mandatory>true</mandatory>
<refColNames>EmployeeID</refColNames>
<transferable>true</transferable>
<rely>false</rely>
<columnDependencyConstraintGenerateInDDL>true</columnDependencyConstraintGenerateInDDL>
</FKIndexAssociation>