<?xml version = '1.0' encoding = 'UTF-8'?>
<FKIndexAssociation class="oracle.dbtools.crest.model.design.relational.FKIndexAssociation" directorySegmentName="seg_0" id="B8AC7431-FCBE-A851-C3F3-CCCB6911F58B" containerWithKeyObject="533E6F22-E9F3-CB08-5015-FD7748B18348" localFKIndex="A81DD0B0-70CA-8DE9-001E-999E1336678A" name="DEPOSIT_BANK_FK">
<createdBy>nchhabra</createdBy>
<createdTime>2019-04-11 18:28:39 UTC</createdTime>
<generatorID>6E21ABF5-7925-9D22-B3EE-B423BBEF07AF</generatorID>
<ownerDesignName>Phase 2 Design</ownerDesignName>
<referredTableLongName>BANK</referredTableLongName>
<deleteRule>NO ACTION</deleteRule>
<referredTableID>E115E09A-AEAD-3188-2DE7-ED78A1FB993C</referredTableID>
<keyObject>1EBCBFAC-E03D-162B-67F7-3F01ED305F5C</keyObject>
<referredKeyID>1EBCBFAC-E03D-162B-67F7-3F01ED305F5C</referredKeyID>
<mandatory>true</mandatory>
<refColNames>BankAccountNumber</refColNames>
<transferable>true</transferable>
<rely>false</rely>
<columnDependencyConstraintGenerateInDDL>true</columnDependencyConstraintGenerateInDDL>
</FKIndexAssociation>