<?xml version = '1.0' encoding = 'UTF-8'?>
<FKIndexAssociation class="oracle.dbtools.crest.model.design.relational.FKIndexAssociation" directorySegmentName="seg_0" id="C0D39036-8FDF-594F-F464-1AE3DD6EE550" containerWithKeyObject="4C0CC29F-75B2-6CA4-A855-0BA725624326" localFKIndex="276813CA-6655-FF44-2882-1A613EE14C7B" name="PURCHASE_ORDER_SUPPLIER_FK">
<createdBy>nchhabra</createdBy>
<createdTime>2019-04-11 18:28:39 UTC</createdTime>
<generatorID>EAEDE882-5A24-2F30-44A6-04375EBDEEC0</generatorID>
<ownerDesignName>Phase 2 Design</ownerDesignName>
<referredTableLongName>SUPPLIER</referredTableLongName>
<deleteRule>NO ACTION</deleteRule>
<referredTableID>DB50E732-1D70-587B-9CAB-C650212C6744</referredTableID>
<keyObject>A6C902EB-7E55-AA78-9C10-191A16770683</keyObject>
<referredKeyID>A6C902EB-7E55-AA78-9C10-191A16770683</referredKeyID>
<mandatory>true</mandatory>
<refColNames>SupplierID</refColNames>
<transferable>true</transferable>
<rely>false</rely>
<columnDependencyConstraintGenerateInDDL>true</columnDependencyConstraintGenerateInDDL>
</FKIndexAssociation>