<?xml version = '1.0' encoding = 'UTF-8'?>
<FKIndexAssociation class="oracle.dbtools.crest.model.design.relational.FKIndexAssociation" directorySegmentName="seg_0" id="C8688797-CF92-CEAB-855D-9128AFCFB381" containerWithKeyObject="81AA0FBC-A1B4-9C38-94F6-A37104C9194A" localFKIndex="C7B22858-8094-B4D4-1BC0-F496AAEB9CBA" name="INVENTORY_INVENTORY_TYPE_FK">
<createdBy>nchhabra</createdBy>
<createdTime>2019-04-11 18:28:39 UTC</createdTime>
<generatorID>9753A3F5-2FD4-8CF6-D891-7041FA80FA5D</generatorID>
<ownerDesignName>Phase 2 Design</ownerDesignName>
<referredTableLongName>INVENTORY_TYPE</referredTableLongName>
<deleteRule>NO ACTION</deleteRule>
<referredTableID>ABAEE760-740F-81F6-E980-B95514B54C2F</referredTableID>
<keyObject>C8A7D762-197D-54DC-B2E8-54A17D25C9AE</keyObject>
<referredKeyID>C8A7D762-197D-54DC-B2E8-54A17D25C9AE</referredKeyID>
<mandatory>true</mandatory>
<refColNames>InventoryTypeId</refColNames>
<transferable>true</transferable>
<rely>false</rely>
<columnDependencyConstraintGenerateInDDL>true</columnDependencyConstraintGenerateInDDL>
</FKIndexAssociation>