<?xml version = '1.0' encoding = 'UTF-8'?>
<FKIndexAssociation class="oracle.dbtools.crest.model.design.relational.FKIndexAssociation" directorySegmentName="seg_0" id="EEEE49BA-4C77-093E-2F43-A693EC774DB9" containerWithKeyObject="502571E4-EA96-24E9-0756-D82D4552BC80" localFKIndex="F56F7A9D-571B-5578-912C-6F8B462FD976" name="INVOICE_CLIENT_FK">
<createdBy>nchhabra</createdBy>
<createdTime>2019-04-11 18:28:39 UTC</createdTime>
<generatorID>90DF31DF-678E-9A20-7DEF-4AEE790D639F</generatorID>
<ownerDesignName>Phase 2 Design</ownerDesignName>
<referredTableLongName>CLIENT</referredTableLongName>
<deleteRule>NO ACTION</deleteRule>
<referredTableID>31ACE759-5687-A2EE-FB06-56A72FC2D92A</referredTableID>
<keyObject>8C6C3C5D-0339-49E0-7940-A6691862A530</keyObject>
<referredKeyID>8C6C3C5D-0339-49E0-7940-A6691862A530</referredKeyID>
<mandatory>true</mandatory>
<refColNames>ClientID</refColNames>
<transferable>true</transferable>
<rely>false</rely>
<columnDependencyConstraintGenerateInDDL>true</columnDependencyConstraintGenerateInDDL>
</FKIndexAssociation>