<?xml version = '1.0' encoding = 'UTF-8'?>
<FKIndexAssociation class="oracle.dbtools.crest.model.design.relational.FKIndexAssociation" directorySegmentName="seg_0" id="FDE3D23C-17BC-5049-E81B-A8935038357C" containerWithKeyObject="2A95FAD4-5254-1844-B3FA-F61CC7411213" localFKIndex="E57C43E8-1492-CC26-6C1A-55A4F6B41D19" name="SALE_RETURN_INVOICE_FK">
<createdBy>nchhabra</createdBy>
<createdTime>2019-04-11 18:28:39 UTC</createdTime>
<generatorID>81CF0612-98FD-29EE-B0AE-B2F5FC288D48</generatorID>
<ownerDesignName>Phase 2 Design</ownerDesignName>
<referredTableLongName>INVOICE</referredTableLongName>
<deleteRule>NO ACTION</deleteRule>
<referredTableID>502571E4-EA96-24E9-0756-D82D4552BC80</referredTableID>
<keyObject>3E775703-7F1B-2B50-1481-6E54ABA1B046</keyObject>
<referredKeyID>3E775703-7F1B-2B50-1481-6E54ABA1B046</referredKeyID>
<mandatory>true</mandatory>
<refColNames>InvoiceID</refColNames>
<transferable>true</transferable>
<rely>false</rely>
<columnDependencyConstraintGenerateInDDL>true</columnDependencyConstraintGenerateInDDL>
</FKIndexAssociation>